Carrier,Flight,Origin,Month,Delay
9E,3317,JFK,1,
9E,3325,JFK,1,-2
9E,3325,JFK,1,-6
9E,3331,JFK,1,1
9E,3369,JFK,1,22
9E,3387,JFK,1,13
9E,3409,JFK,1,27
9E,3422,JFK,1,29
9E,3422,JFK,1,-6
9E,3459,JFK,1,291
9E,3483,JFK,1,-8
9E,3483,JFK,1,-8
9E,3521,JFK,1,-3
9E,3523,JFK,1,
9E,3525,JFK,1,0
9E,3525,JFK,1,-7
9E,3609,JFK,1,-3
9E,3635,JFK,1,113
9E,3638,JFK,1,-5
9E,3689,JFK,1,-5
9E,3719,LGA,1,-10
9E,3961,LGA,1,-5
9E,4023,EWR,1,
9E,4033,LGA,1,
9E,4091,JFK,1,
9E,4127,JFK,1,-2
9E,4357,JFK,1,-13
9E,4357,JFK,1,
AA,3,JFK,1,5
AA,19,JFK,1,-6
AA,119,EWR,1,-2
AA,133,JFK,1,-1
AA,177,JFK,1,0
AA,181,JFK,1,-2
AA,185,JFK,1,-4
AA,269,JFK,1,-7
AA,301,LGA,1,3
AA,313,LGA,1,-6
AA,359,LGA,1,-2
AA,371,LGA,1,-2
AA,443,JFK,1,0
AA,543,JFK,1,33
AA,647,JFK,1,4
AA,655,JFK,1,-11
AA,715,LGA,1,60
AA,715,LGA,1,102
AA,721,LGA,1,-3
AA,721,LGA,1,-3
AA,731,LGA,1,-3
AA,743,LGA,1,-9
AA,743,LGA,1,-3
AA,753,LGA,1,-1
AA,1039,JFK,1,2
AA,1073,LGA,1,10
AA,1762,JFK,1,-2
AA,1787,JFK,1,28
AA,1790,JFK,1,-4
AA,1813,JFK,1,-3
AA,1895,EWR,1,-4
AA,2019,LGA,1,-5
AA,2075,EWR,1,113
AA,2083,EWR,1,-4
AS,7,EWR,1,14
B6,8,JFK,1,62
B6,8,JFK,1,-1
B6,9,JFK,1,-7
B6,17,JFK,1,29
B6,20,JFK,1,-4
B6,22,JFK,1,0
B6,30,JFK,1,-7
B6,30,JFK,1,-4
B6,49,JFK,1,-3
B6,59,JFK,1,-6
B6,87,JFK,1,2
B6,117,JFK,1,-4
B6,117,JFK,1,-5
B6,119,JFK,1,44
B6,145,JFK,1,-4
B6,147,JFK,1,-4
B6,153,JFK,1,8
B6,179,JFK,1,-3
B6,179,JFK,1,5
B6,209,JFK,1,15
B6,215,EWR,1,-2
B6,215,EWR,1,-4
B6,227,EWR,1,-2
B6,343,EWR,1,-2
B6,355,JFK,1,-5
B6,359,JFK,1,10
B6,361,LGA,1,-4
B6,399,LGA,1,7
B6,399,LGA,1,-4
B6,503,EWR,1,0
B6,527,EWR,1,287
B6,615,JFK,1,2
B6,629,JFK,1,69
B6,629,JFK,1,-2
B6,717,JFK,1,0
B6,725,JFK,1,-4
B6,905,JFK,1,73
B6,983,LGA,1,-8
B6,983,LGA,1,-4
B6,989,JFK,1,8
B6,989,JFK,1,-3
B6,991,JFK,1,-4
B6,1016,JFK,1,-5
B6,1016,JFK,1,-6
B6,1018,JFK,1,-3
B6,1053,JFK,1,-2
B6,1061,JFK,1,23
B6,1069,JFK,1,-7
B6,1069,JFK,1,0
B6,1111,JFK,1,2
B6,1161,LGA,1,-2
B6,1172,EWR,1,-2
B6,1176,EWR,1,-12
B6,1783,JFK,1,11
B6,1783,JFK,1,7
DL,31,JFK,1,-2
DL,31,JFK,1,-5
DL,91,JFK,1,9
DL,161,JFK,1,83
DL,181,LGA,1,
DL,181,LGA,1,-5
DL,181,LGA,1,71
DL,301,JFK,1,-10
DL,485,EWR,1,-6
DL,731,LGA,1,-3
DL,781,LGA,1,-7
DL,847,LGA,1,6
DL,847,LGA,1,-7
DL,926,EWR,1,38
DL,926,EWR,1,-4
DL,963,JFK,1,-3
DL,963,JFK,1,-6
DL,963,JFK,1,-4
DL,1031,LGA,1,15
DL,1047,LGA,1,0
DL,1131,LGA,1,-3
DL,1185,EWR,1,-2
DL,1275,JFK,1,0
DL,1275,JFK,1,-1
DL,1485,LGA,1,-5
DL,1531,LGA,1,-9
DL,1627,JFK,1,3
DL,1685,LGA,1,-5
DL,1695,LGA,1,0
DL,1729,JFK,1,-2
DL,1765,JFK,1,-6
DL,1771,JFK,1,-2
DL,1771,JFK,1,0
DL,1779,LGA,1,-1
DL,1847,LGA,1,23
DL,1854,LGA,1,2
DL,1919,LGA,1,-6
DL,2003,LGA,1,-3
DL,2027,JFK,1,-4
DL,2042,EWR,1,-3
DL,2042,EWR,1,-4
DL,2043,JFK,1,-5
DL,2044,LGA,1,-3
DL,2047,LGA,1,-3
DL,2119,LGA,1,95
DL,2119,LGA,1,478
DL,2190,JFK,1,-10
DL,2219,LGA,1,8
DL,2343,EWR,1,0
DL,2363,JFK,1,-6
DL,2395,LGA,1,-7
EV,3261,EWR,1,-3
EV,3274,LGA,1,-8
EV,3819,EWR,1,52
EV,3835,EWR,1,33
EV,3835,EWR,1,-8
EV,4085,EWR,1,-10
EV,4087,EWR,1,25
EV,4088,EWR,1,72
EV,4090,EWR,1,1
EV,4119,EWR,1,-4
EV,4133,EWR,1,5
EV,4175,EWR,1,5
EV,4204,EWR,1,30
EV,4214,EWR,1,3
EV,4231,EWR,1,64
EV,4233,EWR,1,1
EV,4241,EWR,1,-1
EV,4264,EWR,1,-6
EV,4299,EWR,1,82
EV,4299,EWR,1,96
EV,4299,EWR,1,40
EV,4300,EWR,1,51
EV,4322,EWR,1,166
EV,4323,EWR,1,-4
EV,4326,EWR,1,
EV,4364,EWR,1,37
EV,4364,EWR,1,-4
EV,4372,EWR,1,0
EV,4373,EWR,1,4
EV,4373,EWR,1,-2
EV,4383,EWR,1,58
EV,4383,EWR,1,52
EV,4397,EWR,1,96
EV,4404,EWR,1,-1
EV,4445,EWR,1,-4
EV,4485,EWR,1,-3
EV,4485,EWR,1,10
EV,4536,EWR,1,36
EV,4576,EWR,1,329
EV,4581,EWR,1,9
EV,4628,EWR,1,-16
EV,4636,EWR,1,13
EV,4638,EWR,1,
EV,4640,EWR,1,-1
EV,4641,EWR,1,-3
EV,4667,EWR,1,30
EV,4687,EWR,1,62
EV,4687,EWR,1,13
EV,4950,EWR,1,-1
EV,4997,EWR,1,13
EV,4997,EWR,1,-4
EV,5026,EWR,1,0
EV,5163,LGA,1,-4
EV,5712,JFK,1,-8
HA,51,JFK,1,-4
HA,51,JFK,1,0
MQ,3695,EWR,1,82
MQ,3695,EWR,1,7
MQ,3737,EWR,1,-5
MQ,3737,EWR,1,-5
MQ,3944,JFK,1,-5
MQ,3985,JFK,1,-7
MQ,4172,JFK,1,0
MQ,4309,JFK,1,-3
MQ,4403,JFK,1,-9
MQ,4410,JFK,1,8
MQ,4423,JFK,1,34
MQ,4423,JFK,1,-7
MQ,4426,LGA,1,-2
MQ,4429,LGA,1,-2
MQ,4447,LGA,1,-7
MQ,4471,LGA,1,-1
MQ,4478,LGA,1,-8
MQ,4479,LGA,1,18
MQ,4485,LGA,1,-7
MQ,4485,LGA,1,-7
MQ,4517,LGA,1,36
MQ,4521,LGA,1,-5
MQ,4534,LGA,1,-9
MQ,4540,LGA,1,-6
MQ,4555,LGA,1,-3
MQ,4555,LGA,1,-10
MQ,4577,LGA,1,-5
MQ,4584,LGA,1,0
MQ,4588,LGA,1,-7
MQ,4589,LGA,1,12
MQ,4610,LGA,1,-7
MQ,4610,LGA,1,-9
MQ,4622,LGA,1,16
MQ,4660,LGA,1,-6
UA,15,EWR,1,2
UA,41,EWR,1,4
UA,54,EWR,1,24
UA,226,EWR,1,-4
UA,279,EWR,1,4
UA,298,EWR,1,3
UA,299,EWR,1,38
UA,315,EWR,1,-2
UA,370,EWR,1,-5
UA,385,EWR,1,48
UA,386,EWR,1,-6
UA,393,LGA,1,2
UA,402,EWR,1,-4
UA,421,EWR,1,-3
UA,424,EWR,1,-3
UA,424,EWR,1,8
UA,425,EWR,1,0
UA,430,EWR,1,-1
UA,430,EWR,1,5
UA,465,EWR,1,84
UA,473,EWR,1,7
UA,477,EWR,1,253
UA,509,LGA,1,-5
UA,512,JFK,1,-6
UA,535,JFK,1,-4
UA,572,JFK,1,-1
UA,575,EWR,1,-4
UA,583,EWR,1,-5
UA,594,EWR,1,-4
UA,594,EWR,1,-4
UA,634,EWR,1,-1
UA,655,EWR,1,-4
UA,721,LGA,1,-7
UA,738,EWR,1,0
UA,741,EWR,1,2
UA,783,EWR,1,14
UA,789,EWR,1,-3
UA,789,EWR,1,-7
UA,812,EWR,1,95
UA,979,EWR,1,-3
UA,1004,EWR,1,6
UA,1018,EWR,1,-3
UA,1018,EWR,1,3
UA,1018,EWR,1,-2
UA,1030,JFK,1,-4
UA,1075,EWR,1,4
UA,1100,EWR,1,-1
UA,1132,EWR,1,3
UA,1134,EWR,1,4
UA,1134,EWR,1,3
UA,1137,EWR,1,38
UA,1146,EWR,1,14
UA,1183,EWR,1,8
UA,1186,EWR,1,1
UA,1207,EWR,1,13
UA,1221,EWR,1,91
UA,1223,EWR,1,-3
UA,1255,EWR,1,35
UA,1299,EWR,1,25
UA,1410,EWR,1,1
UA,1416,EWR,1,0
UA,1434,EWR,1,0
UA,1481,EWR,1,11
UA,1483,EWR,1,0
UA,1519,EWR,1,6
UA,1525,EWR,1,21
UA,1529,EWR,1,6
UA,1593,EWR,1,4
UA,1597,EWR,1,-10
UA,1601,EWR,1,-6
UA,1602,EWR,1,-12
UA,1655,EWR,1,0
UA,1703,EWR,1,1
US,35,JFK,1,2
US,35,JFK,1,-2
US,449,EWR,1,0
US,656,EWR,1,103
US,675,EWR,1,-2
US,681,EWR,1,-1
US,720,EWR,1,11
US,1103,EWR,1,4
US,1277,LGA,1,-2
US,1427,JFK,1,-5
US,1433,LGA,1,12
US,1437,LGA,1,-5
US,1445,LGA,1,51
US,1491,LGA,1,336
US,1733,LGA,1,-1
US,1973,EWR,1,83
US,2114,LGA,1,-6
US,2114,LGA,1,-9
US,2114,LGA,1,-1
US,2130,LGA,1,-6
US,2138,LGA,1,5
US,2142,LGA,1,-11
US,2142,LGA,1,12
US,2144,LGA,1,-5
US,2175,LGA,1,-9
US,2177,LGA,1,-5
US,2187,LGA,1,-1
US,2189,LGA,1,-5
VX,409,JFK,1,1
VX,411,JFK,1,-1
VX,415,JFK,1,-11
WN,135,LGA,1,-3
WN,283,LGA,1,1
WN,283,LGA,1,54
WN,321,LGA,1,-1
WN,372,LGA,1,-1
WN,408,LGA,1,0
WN,469,LGA,1,-3
WN,530,LGA,1,-1
WN,644,EWR,1,-2
WN,680,EWR,1,0
WN,981,LGA,1,57
WN,1774,EWR,1,-5
WN,1873,LGA,1,0
WN,3223,LGA,1,-3
WN,4646,LGA,1,3
9E,3289,JFK,2,-3
9E,3353,JFK,2,-4
9E,3395,JFK,2,-5
9E,3427,JFK,2,-15
9E,3427,JFK,2,-5
9E,3439,JFK,2,-10
9E,3453,JFK,2,-5
9E,3453,JFK,2,
9E,3552,JFK,2,5
9E,3609,JFK,2,
9E,3609,JFK,2,10
9E,3638,JFK,2,-3
9E,3661,JFK,2,15
9E,3667,JFK,2,-4
9E,3884,JFK,2,23
9E,3953,EWR,2,-9
9E,4019,JFK,2,-6
9E,4105,JFK,2,5
9E,4220,JFK,2,56
9E,4277,JFK,2,
AA,21,JFK,2,-7
AA,85,JFK,2,0
AA,85,JFK,2,1
AA,133,JFK,2,-5
AA,145,JFK,2,1
AA,145,JFK,2,0
AA,181,JFK,2,-5
AA,321,LGA,2,66
AA,345,LGA,2,15
AA,359,LGA,2,0
AA,371,LGA,2,35
AA,543,JFK,2,6
AA,575,JFK,2,19
AA,647,JFK,2,-1
AA,655,JFK,2,4
AA,655,JFK,2,-6
AA,717,LGA,2,10
AA,721,LGA,2,-6
AA,731,LGA,2,-2
AA,739,LGA,2,1
AA,739,LGA,2,-4
AA,753,LGA,2,1
AA,785,LGA,2,-5
AA,883,EWR,2,-7
AA,1073,LGA,2,-9
AA,1589,EWR,2,-4
AA,1623,EWR,2,-3
AA,1709,LGA,2,-13
AA,1790,JFK,2,-2
AA,1853,EWR,2,163
AA,1905,EWR,2,-1
AA,2223,LGA,2,-6
AA,2267,LGA,2,-4
AS,7,EWR,2,-2
AS,7,EWR,2,40
AS,7,EWR,2,5
AS,11,EWR,2,-10
B6,12,JFK,2,-5
B6,22,JFK,2,-3
B6,30,JFK,2,76
B6,56,JFK,2,-2
B6,87,JFK,2,6
B6,97,JFK,2,-4
B6,119,JFK,2,-5
B6,133,JFK,2,161
B6,133,JFK,2,-4
B6,135,JFK,2,
B6,137,JFK,2,13
B6,139,JFK,2,37
B6,143,JFK,2,-2
B6,153,JFK,2,-5
B6,157,JFK,2,-3
B6,179,JFK,2,29
B6,181,JFK,2,0
B6,185,JFK,2,-3
B6,203,JFK,2,-2
B6,209,JFK,2,-1
B6,215,EWR,2,2
B6,219,JFK,2,56
B6,341,JFK,2,-4
B6,347,JFK,2,80
B6,347,JFK,2,87
B6,361,LGA,2,7
B6,383,LGA,2,67
B6,391,LGA,2,
B6,403,JFK,2,4
B6,431,LGA,2,13
B6,431,LGA,2,-3
B6,501,JFK,2,-2
B6,509,EWR,2,-9
B6,517,EWR,2,-3
B6,517,EWR,2,-1
B6,517,EWR,2,-6
B6,525,EWR,2,8
B6,537,EWR,2,40
B6,547,EWR,2,19
B6,553,EWR,2,5
B6,629,JFK,2,-1
B6,629,JFK,2,161
B6,645,JFK,2,-1
B6,675,JFK,2,-4
B6,705,JFK,2,46
B6,709,JFK,2,30
B6,715,JFK,2,1
B6,717,JFK,2,0
B6,717,JFK,2,15
B6,801,JFK,2,-3
B6,885,JFK,2,-4
B6,985,LGA,2,-6
B6,991,JFK,2,6
B6,1004,JFK,2,69
B6,1018,JFK,2,31
B6,1925,JFK,2,2
B6,1932,JFK,2,-4
DL,6,JFK,2,2
DL,31,JFK,2,-2
DL,161,JFK,2,-3
DL,401,EWR,2,-5
DL,461,LGA,2,
DL,503,JFK,2,27
DL,706,JFK,2,11
DL,706,JFK,2,-3
DL,731,LGA,2,-6
DL,731,LGA,2,-4
DL,781,LGA,2,-6
DL,930,LGA,2,0
DL,930,LGA,2,-2
DL,1133,LGA,2,135
DL,1167,JFK,2,1
DL,1174,LGA,2,-6
DL,1411,JFK,2,-3
DL,1411,JFK,2,0
DL,1415,JFK,2,-8
DL,1485,LGA,2,-3
DL,1499,LGA,2,-3
DL,1529,JFK,2,-1
DL,1659,LGA,2,-3
DL,1747,LGA,2,-3
DL,1771,JFK,2,8
DL,1779,LGA,2,-5
DL,1819,LGA,2,-5
DL,1899,LGA,2,-5
DL,2044,LGA,2,-5
DL,2079,LGA,2,-5
DL,2115,LGA,2,-3
DL,2143,JFK,2,1
DL,2190,JFK,2,-1
DL,2231,LGA,2,-5
DL,2285,LGA,2,-5
DL,2285,LGA,2,-5
DL,2331,LGA,2,-4
DL,2331,LGA,2,-5
DL,2347,LGA,2,-1
DL,2370,LGA,2,39
DL,2391,JFK,2,13
EV,3260,EWR,2,43
EV,3274,LGA,2,68
EV,3810,EWR,2,-5
EV,3815,EWR,2,70
EV,3815,EWR,2,3
EV,3818,EWR,2,0
EV,3820,EWR,2,
EV,3842,EWR,2,-2
EV,4086,EWR,2,
EV,4087,EWR,2,-4
EV,4088,EWR,2,-8
EV,4131,EWR,2,-7
EV,4144,EWR,2,-1
EV,4159,EWR,2,10
EV,4172,EWR,2,-3
EV,4181,EWR,2,-2
EV,4181,EWR,2,-6
EV,4187,EWR,2,-10
EV,4201,EWR,2,-4
EV,4202,EWR,2,-4
EV,4210,EWR,2,-3
EV,4229,EWR,2,-2
EV,4233,EWR,2,-4
EV,4238,EWR,2,8
EV,4241,EWR,2,-7
EV,4272,EWR,2,16
EV,4276,EWR,2,9
EV,4300,EWR,2,-4
EV,4309,EWR,2,-8
EV,4316,EWR,2,36
EV,4322,EWR,2,11
EV,4356,EWR,2,-8
EV,4368,EWR,2,26
EV,4373,EWR,2,5
EV,4411,EWR,2,
EV,4436,EWR,2,7
EV,4536,EWR,2,40
EV,4572,EWR,2,126
EV,4596,EWR,2,
EV,4636,EWR,2,
EV,4636,EWR,2,-2
EV,4636,EWR,2,104
EV,4645,EWR,2,-8
EV,4662,EWR,2,-6
EV,4687,EWR,2,-6
EV,4689,EWR,2,-9
EV,4703,EWR,2,72
EV,4708,EWR,2,-3
EV,4941,EWR,2,7
EV,4963,EWR,2,-3
EV,4997,EWR,2,-2
EV,5026,EWR,2,-4
EV,5273,LGA,2,-4
EV,5409,LGA,2,87
EV,5708,LGA,2,34
EV,6055,LGA,2,75
FL,349,LGA,2,6
FL,353,LGA,2,-7
FL,623,LGA,2,-2
FL,645,LGA,2,49
MQ,3697,EWR,2,-6
MQ,3737,EWR,2,0
MQ,3737,EWR,2,-6
MQ,3792,JFK,2,68
MQ,3985,JFK,2,-5
MQ,4255,JFK,2,
MQ,4309,JFK,2,-7
MQ,4333,JFK,2,-3
MQ,4401,LGA,2,-6
MQ,4404,JFK,2,-4
MQ,4406,JFK,2,-6
MQ,4410,JFK,2,3
MQ,4410,JFK,2,75
MQ,4423,JFK,2,26
MQ,4426,LGA,2,-5
MQ,4429,LGA,2,-9
MQ,4449,JFK,2,-8
MQ,4478,LGA,2,-8
MQ,4484,LGA,2,-10
MQ,4485,LGA,2,-7
MQ,4517,LGA,2,-4
MQ,4540,LGA,2,42
MQ,4553,LGA,2,-2
MQ,4558,LGA,2,207
MQ,4564,LGA,2,59
MQ,4577,LGA,2,-7
MQ,4577,LGA,2,6
MQ,4579,LGA,2,-8
MQ,4582,LGA,2,-5
MQ,4588,LGA,2,-2
MQ,4599,LGA,2,-10
MQ,4654,LGA,2,74
MQ,4661,LGA,2,-6
MQ,4662,LGA,2,-10
UA,16,EWR,2,0
UA,77,LGA,2,14
UA,80,EWR,2,70
UA,112,JFK,2,9
UA,235,EWR,2,-8
UA,243,JFK,2,-4
UA,250,EWR,2,168
UA,250,EWR,2,-5
UA,250,EWR,2,-1
UA,279,EWR,2,-5
UA,303,JFK,2,-3
UA,304,EWR,2,-2
UA,329,EWR,2,47
UA,362,JFK,2,
UA,523,EWR,2,-4
UA,527,EWR,2,
UA,538,EWR,2,-5
UA,571,EWR,2,24
UA,681,EWR,2,30
UA,695,LGA,2,-8
UA,695,LGA,2,57
UA,703,JFK,2,-7
UA,719,EWR,2,0
UA,788,EWR,2,5
UA,832,EWR,2,-1
UA,927,EWR,2,-8
UA,1018,EWR,2,0
UA,1053,EWR,2,0
UA,1064,EWR,2,23
UA,1066,EWR,2,35
UA,1071,EWR,2,43
UA,1134,EWR,2,-3
UA,1139,EWR,2,3
UA,1177,EWR,2,13
UA,1181,EWR,2,-4
UA,1227,EWR,2,-1
UA,1237,EWR,2,-1
UA,1259,LGA,2,9
UA,1259,LGA,2,-2
UA,1266,EWR,2,11
UA,1296,EWR,2,-4
UA,1462,EWR,2,24
UA,1479,EWR,2,1
UA,1491,JFK,2,15
UA,1550,EWR,2,2
UA,1562,EWR,2,-2
UA,1581,EWR,2,3
UA,1600,EWR,2,77
UA,1611,EWR,2,62
UA,1614,EWR,2,-1
UA,1626,EWR,2,2
UA,1627,EWR,2,-10
UA,1629,EWR,2,-4
UA,1643,EWR,2,42
UA,1672,EWR,2,7
UA,1724,EWR,2,-3
UA,1742,EWR,2,23
US,829,JFK,2,13
US,1036,EWR,2,
US,1459,LGA,2,-7
US,1733,LGA,2,-6
US,1973,EWR,2,-4
US,2116,LGA,2,-8
US,2118,LGA,2,-7
US,2136,LGA,2,15
US,2173,LGA,2,-5
US,2175,LGA,2,-5
US,2183,LGA,2,-8
US,2183,LGA,2,24
US,2191,LGA,2,30
VX,23,JFK,2,-9
VX,29,JFK,2,8
VX,251,JFK,2,-5
VX,407,JFK,2,-6
VX,407,JFK,2,-2
WN,3,EWR,2,-5
WN,102,EWR,2,0
WN,519,LGA,2,4
WN,542,LGA,2,3
WN,1682,EWR,2,33
WN,1964,LGA,2,-7
WN,2355,EWR,2,95
WN,2714,LGA,2,-4
WN,2963,LGA,2,9
9E,3318,JFK,3,-3
9E,3330,JFK,3,-4
9E,3340,JFK,3,
9E,3353,JFK,3,-4
9E,3353,JFK,3,-1
9E,3374,JFK,3,
9E,3395,JFK,3,-2
9E,3439,JFK,3,-3
9E,3442,JFK,3,-2
9E,3443,JFK,3,20
9E,3444,JFK,3,10
9E,3525,JFK,3,148
9E,3525,JFK,3,-7
9E,3525,JFK,3,131
9E,3538,JFK,3,
9E,3635,JFK,3,-5
9E,3638,JFK,3,-4
9E,3798,JFK,3,-5
9E,3867,EWR,3,-4
9E,3879,EWR,3,-9
9E,3881,EWR,3,-9
9E,3899,JFK,3,-2
9E,3899,JFK,3,
9E,3968,JFK,3,10
9E,4059,LGA,3,-11
9E,4135,JFK,3,-1
9E,4135,JFK,3,
9E,4178,JFK,3,-4
9E,4178,JFK,3,1
9E,4220,JFK,3,7
9E,4277,JFK,3,1
9E,4357,JFK,3,42
AA,1,JFK,3,-1
AA,1,JFK,3,-1
AA,3,JFK,3,-10
AA,33,JFK,3,-3
AA,59,JFK,3,13
AA,59,JFK,3,-4
AA,85,JFK,3,0
AA,119,EWR,3,
AA,119,EWR,3,-8
AA,179,JFK,3,-2
AA,185,JFK,3,27
AA,185,JFK,3,-5
AA,269,JFK,3,-1
AA,301,LGA,3,0
AA,313,LGA,3,4
AA,415,JFK,3,1
AA,443,JFK,3,3
AA,443,JFK,3,-4
AA,543,JFK,3,-3
AA,543,JFK,3,0
AA,647,JFK,3,-2
AA,707,LGA,3,-7
AA,715,LGA,3,-6
AA,715,LGA,3,-3
AA,721,LGA,3,-7
AA,739,LGA,3,-3
AA,743,LGA,3,-3
AA,753,LGA,3,-9
AA,785,LGA,3,-9
AA,791,LGA,3,187
AA,825,JFK,3,-1
AA,1073,LGA,3,0
AA,1073,LGA,3,-9
AA,1073,LGA,3,-6
AA,1351,JFK,3,46
AA,1357,JFK,3,-2
AA,1709,LGA,3,
AA,1762,JFK,3,67
AA,1787,JFK,3,10
AA,1815,JFK,3,-5
AA,1850,JFK,3,-6
AA,1850,JFK,3,-5
AA,1853,EWR,3,14
AA,1905,EWR,3,-9
AA,1999,EWR,3,31
B6,1,JFK,3,-5
B6,9,JFK,3,20
B6,9,JFK,3,0
B6,9,JFK,3,104
B6,12,JFK,3,23
B6,21,JFK,3,-1
B6,32,JFK,3,-7
B6,35,JFK,3,-8
B6,36,JFK,3,-8
B6,44,JFK,3,-5
B6,59,JFK,3,-9
B6,66,JFK,3,0
B6,85,JFK,3,71
B6,97,JFK,3,-1
B6,104,JFK,3,16
B6,108,JFK,3,-3
B6,117,JFK,3,-2
B6,135,JFK,3,-3
B6,139,JFK,3,16
B6,143,JFK,3,5
B6,143,JFK,3,-5
B6,145,JFK,3,-1
B6,147,JFK,3,-4
B6,147,JFK,3,-16
B6,155,JFK,3,-9
B6,171,JFK,3,10
B6,171,JFK,3,27
B6,179,JFK,3,-6
B6,197,JFK,3,0
B6,219,JFK,3,20
B6,359,JFK,3,-6
B6,361,LGA,3,21
B6,361,LGA,3,-3
B6,369,LGA,3,35
B6,373,LGA,3,0
B6,377,LGA,3,6
B6,377,LGA,3,137
B6,381,LGA,3,13
B6,393,LGA,3,56
B6,393,LGA,3,12
B6,393,LGA,3,170
B6,399,LGA,3,27
B6,501,JFK,3,-1
B6,503,EWR,3,-4
B6,523,EWR,3,27
B6,527,EWR,3,265
B6,537,EWR,3,-3
B6,547,EWR,3,73
B6,625,JFK,3,-6
B6,641,JFK,3,-3
B6,643,JFK,3,1
B6,645,JFK,3,0
B6,673,JFK,3,1
B6,703,JFK,3,-3
B6,709,JFK,3,-2
B6,725,JFK,3,-6
B6,727,JFK,3,-3
B6,801,JFK,3,8
B6,901,JFK,3,-2
B6,905,JFK,3,-3
B6,927,EWR,3,-7
B6,985,LGA,3,31
B6,985,LGA,3,7
B6,985,LGA,3,145
B6,991,JFK,3,15
B6,991,JFK,3,26
B6,991,JFK,3,36
B6,1002,JFK,3,-1
B6,1020,JFK,3,0
B6,1020,JFK,3,8
B6,1061,JFK,3,-5
B6,1069,JFK,3,-4
B6,1176,EWR,3,-3
B6,1178,EWR,3,70
B6,1183,JFK,3,-4
B6,1183,JFK,3,-4
B6,1185,JFK,3,22
B6,1185,JFK,3,-2
B6,1273,JFK,3,0
B6,1305,JFK,3,15
B6,1471,LGA,3,25
B6,1783,JFK,3,19
B6,1783,JFK,3,120
DL,4,JFK,3,3
DL,6,JFK,3,0
DL,31,JFK,3,22
DL,73,JFK,3,-2
DL,87,JFK,3,-7
DL,301,JFK,3,-1
DL,315,JFK,3,-3
DL,329,JFK,3,-3
DL,485,EWR,3,-5
DL,695,JFK,3,-6
DL,706,JFK,3,-4
DL,706,JFK,3,-9
DL,706,JFK,3,-3
DL,807,EWR,3,0
DL,863,JFK,3,-3
DL,884,LGA,3,71
DL,926,EWR,3,-2
DL,926,EWR,3,33
DL,947,LGA,3,-1
DL,950,LGA,3,-2
DL,1097,JFK,3,0
DL,1129,LGA,3,-7
DL,1174,LGA,3,-5
DL,1174,LGA,3,5
DL,1185,EWR,3,-2
DL,1231,LGA,3,
DL,1322,JFK,3,-2
DL,1345,JFK,3,-5
DL,1387,JFK,3,163
DL,1387,JFK,3,
DL,1394,JFK,3,-2
DL,1415,JFK,3,-4
DL,1435,LGA,3,-7
DL,1465,JFK,3,4
DL,1529,JFK,3,-8
DL,1619,LGA,3,87
DL,1715,LGA,3,-5
DL,1729,JFK,3,-4
DL,1729,JFK,3,-2
DL,1747,LGA,3,-4
DL,1919,LGA,3,
DL,1942,EWR,3,-3
DL,2006,LGA,3,-1
DL,2043,JFK,3,-4
DL,2070,LGA,3,-9
DL,2079,LGA,3,13
DL,2143,JFK,3,11
DL,2159,JFK,3,-6
DL,2159,JFK,3,-1
DL,2181,LGA,3,-4
DL,2181,LGA,3,-5
DL,2219,LGA,3,-2
DL,2231,LGA,3,127
DL,2231,LGA,3,21
DL,2343,EWR,3,-4
EV,3257,EWR,3,-10
EV,3827,EWR,3,-2
EV,4088,EWR,3,0
EV,4119,EWR,3,3
EV,4122,EWR,3,10
EV,4132,EWR,3,190
EV,4135,EWR,3,8
EV,4140,EWR,3,-1
EV,4155,EWR,3,-3
EV,4157,EWR,3,-3
EV,4179,EWR,3,-2
EV,4181,EWR,3,-5
EV,4202,EWR,3,-2
EV,4206,EWR,3,
EV,4229,EWR,3,-2
EV,4235,EWR,3,3
EV,4268,EWR,3,-1
EV,4269,EWR,3,101
EV,4270,EWR,3,-4
EV,4276,EWR,3,-7
EV,4294,EWR,3,81
EV,4294,EWR,3,-5
EV,4297,EWR,3,-4
EV,4298,EWR,3,32
EV,4312,EWR,3,
EV,4326,EWR,3,10
EV,4327,EWR,3,20
EV,4333,EWR,3,-4
EV,4352,EWR,3,-8
EV,4354,EWR,3,35
EV,4368,EWR,3,97
EV,4372,EWR,3,3
EV,4372,EWR,3,-1
EV,4373,EWR,3,-4
EV,4381,EWR,3,-3
EV,4382,EWR,3,-1
EV,4388,EWR,3,42
EV,4388,EWR,3,9
EV,4388,EWR,3,-4
EV,4398,EWR,3,66
EV,4400,EWR,3,27
EV,4409,EWR,3,47
EV,4411,EWR,3,75
EV,4529,EWR,3,8
EV,4533,EWR,3,0
EV,4536,EWR,3,56
EV,4536,EWR,3,-10
EV,4548,EWR,3,-9
EV,4548,EWR,3,12
EV,4570,EWR,3,95
EV,4572,EWR,3,
EV,4640,EWR,3,53
EV,4644,EWR,3,
EV,4662,EWR,3,32
EV,4663,EWR,3,-5
EV,4667,EWR,3,54
EV,4682,EWR,3,20
EV,4682,EWR,3,-4
EV,4691,EWR,3,
EV,4696,EWR,3,19
EV,4712,EWR,3,101
EV,4948,LGA,3,93
EV,4950,EWR,3,-2
EV,4950,EWR,3,-3
EV,4950,EWR,3,4
EV,5020,LGA,3,
EV,5148,LGA,3,83
EV,5157,LGA,3,75
EV,5181,EWR,3,150
EV,5472,LGA,3,-2
EV,5679,EWR,3,25
F9,835,LGA,3,19
FL,345,LGA,3,-5
FL,347,LGA,3,-6
FL,347,LGA,3,-6
FL,348,LGA,3,-1
FL,620,LGA,3,8
FL,623,LGA,3,
HA,51,JFK,3,1
MQ,3737,EWR,3,-7
MQ,3737,EWR,3,-1
MQ,3792,JFK,3,134
MQ,4146,JFK,3,22
MQ,4146,JFK,3,-11
MQ,4172,JFK,3,24
MQ,4309,JFK,3,-8
MQ,4333,JFK,3,-4
MQ,4403,JFK,3,-7
MQ,4410,JFK,3,4
MQ,4423,JFK,3,2
MQ,4449,JFK,3,-5
MQ,4475,LGA,3,-2
MQ,4478,LGA,3,-1
MQ,4521,LGA,3,-1
MQ,4564,LGA,3,27
MQ,4579,LGA,3,-2
MQ,4584,LGA,3,-3
MQ,4588,LGA,3,-4
MQ,4589,LGA,3,
MQ,4610,LGA,3,-11
MQ,4626,LGA,3,0
MQ,4654,LGA,3,-2
MQ,4669,LGA,3,-4
MQ,4669,LGA,3,-6
MQ,4670,LGA,3,-7
MQ,4674,LGA,3,22
UA,15,EWR,3,-5
UA,15,EWR,3,50
UA,15,EWR,3,27
UA,162,EWR,3,-4
UA,292,EWR,3,-5
UA,296,EWR,3,-7
UA,299,EWR,3,60
UA,309,EWR,3,-2
UA,311,EWR,3,-3
UA,358,LGA,3,-2
UA,377,LGA,3,-6
UA,379,LGA,3,-4
UA,404,LGA,3,-5
UA,411,EWR,3,5
UA,424,EWR,3,179
UA,451,EWR,3,11
UA,509,LGA,3,44
UA,511,EWR,3,-6
UA,533,EWR,3,14
UA,535,JFK,3,19
UA,554,EWR,3,12
UA,564,EWR,3,-7
UA,595,EWR,3,0
UA,602,EWR,3,30
UA,602,EWR,3,-5
UA,664,EWR,3,-5
UA,681,EWR,3,-3
UA,686,EWR,3,-6
UA,687,LGA,3,5
UA,699,EWR,3,281
UA,701,EWR,3,-1
UA,771,JFK,3,0
UA,771,JFK,3,48
UA,1115,EWR,3,0
UA,1116,EWR,3,0
UA,1122,EWR,3,32
UA,1134,EWR,3,4
UA,1134,EWR,3,-5
UA,1146,EWR,3,-8
UA,1162,EWR,3,10
UA,1170,EWR,3,-5
UA,1178,EWR,3,-5
UA,1183,EWR,3,89
UA,1223,EWR,3,1
UA,1240,EWR,3,-12
UA,1244,EWR,3,34
UA,1244,EWR,3,32
UA,1244,EWR,3,41
UA,1265,EWR,3,2
UA,1267,EWR,3,-1
UA,1269,EWR,3,19
UA,1276,EWR,3,-3
UA,1294,EWR,3,1
UA,1431,EWR,3,0
UA,1462,EWR,3,-2
UA,1481,EWR,3,-6
UA,1545,EWR,3,0
UA,1584,EWR,3,121
UA,1592,EWR,3,-1
UA,1601,EWR,3,-7
UA,1602,EWR,3,125
UA,1611,EWR,3,25
UA,1627,EWR,3,-6
UA,1635,EWR,3,62
UA,1637,EWR,3,-4
UA,1643,EWR,3,-5
UA,1701,EWR,3,-2
UA,1708,EWR,3,-3
UA,1711,EWR,3,-2
US,656,EWR,3,3
US,675,EWR,3,-9
US,720,EWR,3,-3
US,1427,JFK,3,6
US,1427,JFK,3,-5
US,1443,JFK,3,1
US,1491,LGA,3,28
US,1507,EWR,3,-8
US,1625,LGA,3,-5
US,1665,LGA,3,24
US,1895,EWR,3,
US,1973,EWR,3,-5
US,2118,LGA,3,-6
US,2124,LGA,3,-9
US,2130,LGA,3,-6
US,2132,LGA,3,-7
US,2138,LGA,3,-6
US,2138,LGA,3,-6
US,2142,LGA,3,-8
US,2161,LGA,3,
US,2161,LGA,3,14
US,2171,LGA,3,2
US,2187,LGA,3,-6
VX,23,JFK,3,-4
VX,27,JFK,3,133
VX,399,JFK,3,-1
VX,407,JFK,3,-4
WN,115,LGA,3,36
WN,266,EWR,3,18
WN,292,LGA,3,67
WN,298,EWR,3,-1
WN,366,LGA,3,-3
WN,573,LGA,3,8
WN,573,LGA,3,16
WN,589,EWR,3,-5
WN,618,LGA,3,-1
WN,959,LGA,3,-6
WN,993,LGA,3,17
WN,993,LGA,3,38
WN,1739,EWR,3,12
WN,1809,LGA,3,0
WN,2249,EWR,3,0
WN,2355,EWR,3,73
WN,2444,LGA,3,3
WN,2663,LGA,3,5
WN,3048,LGA,3,-1
WN,3295,EWR,3,-6
9E,3325,JFK,4,11
9E,3334,JFK,4,-1
9E,3334,JFK,4,221
9E,3340,JFK,4,-2
9E,3367,JFK,4,-5
9E,3369,JFK,4,-10
9E,3439,JFK,4,140
9E,3444,JFK,4,34
9E,3521,JFK,4,-8
9E,3523,JFK,4,147
9E,3525,JFK,4,
9E,3538,JFK,4,-6
9E,3538,JFK,4,12
9E,3538,JFK,4,-3
9E,3655,JFK,4,19
9E,3798,JFK,4,-2
9E,3798,JFK,4,30
9E,3798,JFK,4,70
9E,3867,EWR,4,-11
9E,3879,EWR,4,-4
9E,4033,LGA,4,1
9E,4127,JFK,4,73
9E,4357,JFK,4,98
AA,1,JFK,4,14
AA,33,JFK,4,28
AA,33,JFK,4,-3
AA,177,JFK,4,8
AA,257,JFK,4,151
AA,257,JFK,4,32
AA,309,LGA,4,14
AA,313,LGA,4,39
AA,353,LGA,4,-5
AA,371,LGA,4,-10
AA,443,JFK,4,-7
AA,543,JFK,4,-2
AA,677,JFK,4,0
AA,701,JFK,4,-1
AA,701,JFK,4,-1
AA,707,LGA,4,-5
AA,743,LGA,4,-7
AA,753,LGA,4,3
AA,759,LGA,4,-3
AA,759,LGA,4,-9
AA,759,LGA,4,163
AA,785,LGA,4,-4
AA,1073,LGA,4,-7
AA,1073,LGA,4,1
AA,1097,LGA,4,-8
AA,1179,EWR,4,-7
AA,1357,JFK,4,-1
AA,1611,LGA,4,219
AA,1762,JFK,4,-10
AA,1762,JFK,4,38
AA,1769,JFK,4,-2
AA,1787,JFK,4,33
AA,1813,JFK,4,-5
AA,1813,JFK,4,1
AA,1815,JFK,4,2
AA,1815,JFK,4,-10
AA,1855,LGA,4,-7
AA,1949,JFK,4,-6
AA,2019,LGA,4,-10
AA,2041,JFK,4,-4
B6,11,JFK,4,-2
B6,11,JFK,4,115
B6,15,JFK,4,9
B6,35,JFK,4,49
B6,57,JFK,4,-1
B6,79,JFK,4,-1
B6,83,JFK,4,18
B6,87,JFK,4,26
B6,91,JFK,4,61
B6,97,JFK,4,7
B6,97,JFK,4,-2
B6,117,JFK,4,70
B6,127,EWR,4,-1
B6,133,JFK,4,12
B6,133,JFK,4,-3
B6,137,JFK,4,-3
B6,137,JFK,4,6
B6,145,JFK,4,-3
B6,147,JFK,4,105
B6,157,JFK,4,52
B6,165,JFK,4,-8
B6,165,JFK,4,0
B6,171,JFK,4,54
B6,181,JFK,4,-2
B6,215,EWR,4,0
B6,219,JFK,4,10
B6,219,JFK,4,2
B6,359,JFK,4,-7
B6,361,LGA,4,-5
B6,371,LGA,4,-7
B6,371,LGA,4,-7
B6,380,EWR,4,-7
B6,393,LGA,4,110
B6,393,LGA,4,-2
B6,403,JFK,4,1
B6,431,LGA,4,-10
B6,431,LGA,4,29
B6,509,EWR,4,-7
B6,523,EWR,4,-9
B6,523,EWR,4,-7
B6,547,EWR,4,50
B6,602,JFK,4,7
B6,608,JFK,4,-11
B6,608,JFK,4,-6
B6,675,JFK,4,19
B6,707,JFK,4,60
B6,709,JFK,4,-1
B6,711,JFK,4,-3
B6,727,JFK,4,1
B6,727,JFK,4,-1
B6,901,JFK,4,-6
B6,905,JFK,4,-2
B6,927,EWR,4,-3
B6,991,JFK,4,37
B6,1018,JFK,4,4
B6,1061,JFK,4,-4
B6,1172,EWR,4,-10
B6,1172,EWR,4,-1
B6,1273,JFK,4,4
B6,1275,JFK,4,135
B6,1275,JFK,4,3
B6,1639,LGA,4,-10
B6,1783,JFK,4,4
DL,6,JFK,4,46
DL,83,JFK,4,55
DL,141,JFK,4,-5
DL,161,JFK,4,-1
DL,183,JFK,4,0
DL,315,JFK,4,-5
DL,329,JFK,4,2
DL,485,EWR,4,-4
DL,695,JFK,4,-7
DL,695,JFK,4,-4
DL,695,JFK,4,-3
DL,705,JFK,4,3
DL,706,JFK,4,-1
DL,731,LGA,4,-5
DL,781,LGA,4,-6
DL,847,LGA,4,60
DL,857,JFK,4,-5
DL,863,JFK,4,-7
DL,914,LGA,4,17
DL,926,EWR,4,3
DL,963,JFK,4,19
DL,975,LGA,4,-7
DL,1043,JFK,4,-3
DL,1043,JFK,4,-4
DL,1047,LGA,4,-2
DL,1147,LGA,4,-8
DL,1167,JFK,4,-2
DL,1169,JFK,4,-4
DL,1247,LGA,4,36
DL,1375,JFK,4,-5
DL,1415,JFK,4,-1
DL,1485,LGA,4,-2
DL,1499,LGA,4,30
DL,1529,JFK,4,-6
DL,1544,EWR,4,1
DL,1585,LGA,4,22
DL,1585,LGA,4,-5
DL,1629,JFK,4,164
DL,1629,JFK,4,-1
DL,1639,LGA,4,-5
DL,1643,JFK,4,-4
DL,1643,JFK,4,-2
DL,1647,LGA,4,-4
DL,1685,LGA,4,-2
DL,1685,LGA,4,-2
DL,1697,EWR,4,-6
DL,1697,EWR,4,0
DL,1705,LGA,4,11
DL,1715,LGA,4,-1
DL,1715,LGA,4,46
DL,1729,JFK,4,-5
DL,1729,JFK,4,-6
DL,1743,JFK,4,-3
DL,1771,JFK,4,-6
DL,1771,JFK,4,-1
DL,1847,LGA,4,-5
DL,1847,LGA,4,-4
DL,1865,JFK,4,-5
DL,1865,JFK,4,-3
DL,1902,LGA,4,0
DL,1903,LGA,4,-4
DL,1919,LGA,4,-5
DL,1982,LGA,4,7
DL,1982,LGA,4,88
DL,2003,LGA,4,-6
DL,2043,JFK,4,-4
DL,2119,LGA,4,366
DL,2119,LGA,4,-3
DL,2159,JFK,4,-7
DL,2175,LGA,4,-8
DL,2219,LGA,4,-4
DL,2239,EWR,4,-9
DL,2239,EWR,4,-5
DL,2247,LGA,4,4
DL,2319,LGA,4,12
DL,2383,LGA,4,-3
DL,2393,LGA,4,-10
EV,3809,EWR,4,-4
EV,3815,EWR,4,41
EV,3816,EWR,4,78
EV,3818,EWR,4,12
EV,3825,EWR,4,51
EV,3835,EWR,4,12
EV,4097,EWR,4,3
EV,4100,EWR,4,29
EV,4117,EWR,4,112
EV,4118,EWR,4,-3
EV,4119,EWR,4,270
EV,4125,EWR,4,-4
EV,4131,EWR,4,-10
EV,4131,EWR,4,54
EV,4143,EWR,4,-2
EV,4162,EWR,4,36
EV,4179,EWR,4,1
EV,4193,EWR,4,
EV,4233,EWR,4,-1
EV,4238,EWR,4,-3
EV,4294,EWR,4,16
EV,4298,EWR,4,-8
EV,4308,EWR,4,-9
EV,4323,EWR,4,
EV,4333,EWR,4,-5
EV,4349,EWR,4,1
EV,4352,EWR,4,0
EV,4360,EWR,4,-6
EV,4368,EWR,4,116
EV,4376,EWR,4,10
EV,4382,EWR,4,-4
EV,4388,EWR,4,
EV,4398,EWR,4,-5
EV,4400,EWR,4,-8
EV,4409,EWR,4,6
EV,4411,EWR,4,65
EV,4434,EWR,4,16
EV,4495,EWR,4,-6
EV,4495,EWR,4,-9
EV,4532,EWR,4,1
EV,4533,EWR,4,1
EV,4560,EWR,4,
EV,4625,EWR,4,-5
EV,4625,EWR,4,-6
EV,4640,EWR,4,4
EV,4682,EWR,4,-2
EV,4691,EWR,4,-12
EV,4975,EWR,4,-4
EV,5068,EWR,4,-6
EV,5079,LGA,4,17
EV,5134,EWR,4,37
EV,5164,LGA,4,0
EV,5168,LGA,4,74
EV,5181,EWR,4,-7
EV,5222,LGA,4,204
EV,5276,LGA,4,
EV,5445,EWR,4,-2
EV,5472,LGA,4,24
EV,5475,LGA,4,-6
EV,5486,LGA,4,-4
EV,5486,LGA,4,-3
EV,5602,LGA,4,-2
EV,5660,EWR,4,7
EV,5677,EWR,4,-4
EV,5714,JFK,4,
F9,797,LGA,4,-5
F9,835,LGA,4,0
FL,346,LGA,4,-2
FL,354,LGA,4,40
FL,366,LGA,4,14
FL,721,LGA,4,-3
HA,51,JFK,4,-5
MQ,3730,EWR,4,-7
MQ,3730,EWR,4,45
MQ,3768,EWR,4,381
MQ,3783,JFK,4,116
MQ,3792,JFK,4,-6
MQ,3792,JFK,4,-2
MQ,3985,JFK,4,-7
MQ,4146,JFK,4,-2
MQ,4255,JFK,4,157
MQ,4323,JFK,4,0
MQ,4323,JFK,4,18
MQ,4333,JFK,4,0
MQ,4403,JFK,4,-2
MQ,4410,JFK,4,8
MQ,4415,LGA,4,-5
MQ,4415,LGA,4,-2
MQ,4425,JFK,4,-5
MQ,4449,JFK,4,
MQ,4484,LGA,4,4
MQ,4485,LGA,4,100
MQ,4518,LGA,4,-2
MQ,4555,LGA,4,
MQ,4569,LGA,4,-15
MQ,4573,LGA,4,
MQ,4576,LGA,4,-6
MQ,4582,LGA,4,46
MQ,4582,LGA,4,-7
MQ,4584,LGA,4,
MQ,4646,LGA,4,15
MQ,4649,LGA,4,-10
MQ,4655,LGA,4,-3
MQ,4660,LGA,4,33
MQ,4661,LGA,4,33
UA,32,JFK,4,68
UA,148,EWR,4,7
UA,295,EWR,4,-3
UA,301,EWR,4,231
UA,305,EWR,4,4
UA,309,EWR,4,-3
UA,311,EWR,4,-10
UA,364,EWR,4,39
UA,364,EWR,4,0
UA,364,JFK,4,-1
UA,370,LGA,4,-7
UA,394,EWR,4,-2
UA,425,LGA,4,-9
UA,426,EWR,4,-7
UA,451,EWR,4,-4
UA,486,EWR,4,-4
UA,509,EWR,4,80
UA,531,EWR,4,3
UA,544,LGA,4,19
UA,551,EWR,4,-3
UA,569,LGA,4,15
UA,595,JFK,4,
UA,639,EWR,4,-1
UA,669,EWR,4,13
UA,686,EWR,4,-3
UA,736,EWR,4,0
UA,765,EWR,4,-2
UA,768,EWR,4,16
UA,771,JFK,4,-3
UA,796,EWR,4,-8
UA,884,EWR,4,40
UA,939,EWR,4,-11
UA,1025,EWR,4,64
UA,1028,EWR,4,4
UA,1053,EWR,4,44
UA,1077,EWR,4,-6
UA,1106,EWR,4,1
UA,1112,EWR,4,-3
UA,1144,EWR,4,7
UA,1148,EWR,4,10
UA,1148,EWR,4,7
UA,1164,EWR,4,11
UA,1168,EWR,4,61
UA,1181,EWR,4,-4
UA,1183,EWR,4,-6
UA,1214,EWR,4,6
UA,1240,EWR,4,-2
UA,1247,EWR,4,13
UA,1259,LGA,4,-2
UA,1261,EWR,4,-5
UA,1262,EWR,4,3
UA,1281,EWR,4,12
UA,1286,EWR,4,51
UA,1292,EWR,4,-6
UA,1296,EWR,4,3
UA,1400,EWR,4,-3
UA,1456,LGA,4,-2
UA,1464,EWR,4,5
UA,1482,EWR,4,1
UA,1492,EWR,4,15
UA,1497,EWR,4,-3
UA,1568,EWR,4,-4
UA,1574,EWR,4,29
UA,1580,EWR,4,21
UA,1600,EWR,4,10
UA,1605,EWR,4,34
UA,1623,EWR,4,-3
UA,1633,EWR,4,20
UA,1639,EWR,4,-6
UA,1653,EWR,4,12
UA,1680,EWR,4,10
UA,1685,EWR,4,93
UA,1708,EWR,4,-6
UA,1708,EWR,4,27
UA,1708,EWR,4,21
UA,1714,LGA,4,-8
UA,1720,EWR,4,-2
UA,1729,EWR,4,5
US,75,EWR,4,-6
US,186,EWR,4,-10
US,195,JFK,4,-9
US,450,JFK,4,27
US,654,JFK,4,-4
US,656,EWR,4,-6
US,720,EWR,4,-1
US,720,EWR,4,-5
US,894,LGA,4,2
US,1143,EWR,4,-2
US,1277,LGA,4,-6
US,1429,LGA,4,-3
US,1429,LGA,4,11
US,1431,EWR,4,-2
US,1435,EWR,4,-2
US,1491,LGA,4,-4
US,1507,EWR,4,-8
US,1657,JFK,4,-7
US,1657,JFK,4,-10
US,1965,EWR,4,-6
US,2114,LGA,4,-4
US,2120,LGA,4,51
US,2132,LGA,4,-15
US,2138,LGA,4,11
US,2138,LGA,4,-3
US,2144,LGA,4,-2
US,2185,LGA,4,-7
US,2189,LGA,4,3
VX,11,JFK,4,8
VX,29,JFK,4,37
VX,187,EWR,4,166
VX,193,EWR,4,1
VX,251,JFK,4,-3
VX,399,JFK,4,15
VX,399,JFK,4,7
VX,407,JFK,4,0
VX,411,JFK,4,-3
VX,415,JFK,4,-2
VX,415,JFK,4,17
WN,35,EWR,4,15
WN,197,LGA,4,38
WN,292,LGA,4,0
WN,404,LGA,4,13
WN,404,LGA,4,0
WN,435,EWR,4,-4
WN,529,EWR,4,0
WN,700,LGA,4,-3
WN,1575,EWR,4,-3
WN,1637,EWR,4,-2
WN,2151,EWR,4,13
WN,2226,LGA,4,2
WN,2497,LGA,4,46
WN,3676,LGA,4,9
WN,3962,LGA,4,43
YV,3766,LGA,4,-5
9E,3381,JFK,5,0
9E,3395,JFK,5,-5
9E,3403,JFK,5,-13
9E,3412,JFK,5,
9E,3413,JFK,5,4
9E,3416,JFK,5,26
9E,3450,JFK,5,10
9E,3455,JFK,5,37
9E,3459,JFK,5,-7
9E,3465,JFK,5,-6
9E,3525,JFK,5,
9E,3525,JFK,5,
9E,3525,JFK,5,
9E,3638,JFK,5,0
9E,3691,JFK,5,29
9E,3798,JFK,5,
9E,3879,EWR,5,-7
9E,3881,EWR,5,8
9E,3899,JFK,5,87
9E,3965,LGA,5,-3
9E,3965,LGA,5,-9
9E,4120,JFK,5,16
AA,1,JFK,5,-3
AA,59,JFK,5,-6
AA,85,JFK,5,-5
AA,85,JFK,5,-2
AA,177,JFK,5,14
AA,179,JFK,5,-4
AA,181,JFK,5,-5
AA,181,JFK,5,15
AA,301,LGA,5,7
AA,327,LGA,5,-9
AA,331,LGA,5,29
AA,443,JFK,5,8
AA,543,JFK,5,4
AA,655,JFK,5,-7
AA,677,JFK,5,13
AA,711,LGA,5,0
AA,717,LGA,5,-7
AA,731,LGA,5,-7
AA,743,LGA,5,-4
AA,773,LGA,5,-2
AA,854,JFK,5,-5
AA,1033,EWR,5,-4
AA,1033,EWR,5,-6
AA,1762,JFK,5,-7
AA,1813,JFK,5,-1
AA,1815,JFK,5,2
AA,1837,LGA,5,-8
AA,1837,LGA,5,-5
AA,1837,LGA,5,-4
AA,1837,LGA,5,-2
AA,1871,LGA,5,-3
AA,1925,LGA,5,-9
AA,1949,JFK,5,-7
AA,2019,LGA,5,-9
AA,2019,LGA,5,-7
AA,2083,EWR,5,-3
AA,2099,LGA,5,-4
AA,2267,LGA,5,0
AA,2279,LGA,5,-1
AS,21,EWR,5,0
B6,9,JFK,5,-2
B6,9,JFK,5,18
B6,30,JFK,5,-7
B6,36,JFK,5,56
B6,41,JFK,5,-3
B6,49,JFK,5,-3
B6,57,JFK,5,0
B6,63,JFK,5,0
B6,79,JFK,5,-4
B6,87,JFK,5,-2
B6,87,JFK,5,4
B6,141,JFK,5,-1
B6,151,JFK,5,7
B6,171,JFK,5,-1
B6,175,JFK,5,-6
B6,179,JFK,5,-2
B6,183,JFK,5,0
B6,183,JFK,5,-5
B6,185,JFK,5,92
B6,203,JFK,5,-2
B6,203,JFK,5,0
B6,215,EWR,5,-2
B6,341,JFK,5,-2
B6,383,LGA,5,-9
B6,383,LGA,5,31
B6,389,LGA,5,-4
B6,391,LGA,5,-17
B6,431,LGA,5,-10
B6,507,EWR,5,0
B6,523,EWR,5,-7
B6,525,EWR,5,-4
B6,527,EWR,5,76
B6,537,EWR,5,-3
B6,537,EWR,5,48
B6,547,EWR,5,-2
B6,547,EWR,5,0
B6,600,JFK,5,-7
B6,611,JFK,5,-2
B6,615,JFK,5,0
B6,615,JFK,5,98
B6,615,JFK,5,72
B6,619,JFK,5,0
B6,625,JFK,5,-3
B6,629,JFK,5,-6
B6,677,JFK,5,51
B6,701,JFK,5,-2
B6,705,JFK,5,7
B6,707,JFK,5,-3
B6,905,JFK,5,55
B6,915,JFK,5,-1
B6,915,JFK,5,156
B6,1002,JFK,5,-2
B6,1004,JFK,5,-1
B6,1004,JFK,5,29
B6,1004,JFK,5,-8
B6,1012,JFK,5,99
B6,1016,JFK,5,-5
B6,1020,JFK,5,6
B6,1103,JFK,5,-5
B6,1111,JFK,5,297
B6,1170,EWR,5,1
B6,1174,EWR,5,-4
B6,1180,EWR,5,18
B6,1191,JFK,5,-8
B6,1204,JFK,5,-7
B6,1303,JFK,5,-4
B6,1338,JFK,5,-3
B6,1471,LGA,5,-7
B6,1601,LGA,5,-9
DL,6,JFK,5,8
DL,6,JFK,5,20
DL,6,JFK,5,-1
DL,17,JFK,5,64
DL,95,JFK,5,-7
DL,120,JFK,5,-1
DL,141,JFK,5,25
DL,141,JFK,5,-6
DL,161,JFK,5,10
DL,183,JFK,5,-4
DL,301,JFK,5,-7
DL,401,EWR,5,-4
DL,461,LGA,5,-3
DL,695,JFK,5,-3
DL,706,JFK,5,39
DL,731,LGA,5,-7
DL,781,LGA,5,-2
DL,847,LGA,5,-6
DL,847,LGA,5,11
DL,857,JFK,5,-4
DL,857,JFK,5,-9
DL,914,LGA,5,-2
DL,926,EWR,5,10
DL,926,EWR,5,-3
DL,975,LGA,5,-1
DL,985,JFK,5,-4
DL,1031,LGA,5,-4
DL,1131,LGA,5,-7
DL,1131,LGA,5,-3
DL,1147,LGA,5,-3
DL,1147,LGA,5,-8
DL,1185,EWR,5,0
DL,1231,LGA,5,6
DL,1247,LGA,5,-3
DL,1275,JFK,5,-2
DL,1415,JFK,5,0
DL,1429,JFK,5,-3
DL,1465,JFK,5,17
DL,1473,LGA,5,0
DL,1485,LGA,5,-7
DL,1485,LGA,5,53
DL,1485,LGA,5,215
DL,1485,LGA,5,-1
DL,1499,LGA,5,0
DL,1529,JFK,5,-2
DL,1547,LGA,5,-4
DL,1715,LGA,5,10
DL,1773,JFK,5,70
DL,1779,LGA,5,-4
DL,1819,LGA,5,78
DL,1863,JFK,5,24
DL,1875,LGA,5,-1
DL,1885,LGA,5,-1
DL,1903,LGA,5,-7
DL,1903,LGA,5,-6
DL,1919,LGA,5,-4
DL,2042,EWR,5,-6
DL,2042,EWR,5,-4
DL,2047,LGA,5,293
DL,2065,JFK,5,0
DL,2131,LGA,5,36
DL,2159,JFK,5,-1
DL,2159,JFK,5,8
DL,2170,JFK,5,-3
DL,2181,LGA,5,0
DL,2247,LGA,5,1
DL,2285,LGA,5,-11
DL,2347,LGA,5,-5
DL,2383,LGA,5,-2
DL,2395,LGA,5,-4
EV,3807,EWR,5,3
EV,3827,EWR,5,-7
EV,3829,EWR,5,5
EV,3852,EWR,5,105
EV,3854,EWR,5,-2
EV,4087,EWR,5,-10
EV,4092,EWR,5,
EV,4119,EWR,5,70
EV,4140,EWR,5,-6
EV,4140,EWR,5,-8
EV,4171,EWR,5,-11
EV,4175,EWR,5,-9
EV,4180,EWR,5,17
EV,4181,EWR,5,83
EV,4191,EWR,5,33
EV,4191,EWR,5,
EV,4191,EWR,5,
EV,4224,EWR,5,-11
EV,4246,EWR,5,-2
EV,4276,EWR,5,36
EV,4282,EWR,5,
EV,4294,EWR,5,44
EV,4299,EWR,5,
EV,4312,EWR,5,86
EV,4316,EWR,5,-3
EV,4326,EWR,5,-3
EV,4334,EWR,5,4
EV,4364,EWR,5,5
EV,4368,EWR,5,0
EV,4370,EWR,5,125
EV,4388,EWR,5,-7
EV,4420,EWR,5,-6
EV,4471,EWR,5,-6
EV,4495,EWR,5,-6
EV,4528,EWR,5,45
EV,4533,EWR,5,-3
EV,4533,EWR,5,-4
EV,4536,EWR,5,30
EV,4537,EWR,5,105
EV,4543,EWR,5,26
EV,4560,EWR,5,128
EV,4567,EWR,5,84
EV,4567,EWR,5,40
EV,4634,EWR,5,-9
EV,4640,EWR,5,5
EV,4662,EWR,5,-4
EV,4667,EWR,5,
EV,4672,EWR,5,37
EV,4681,EWR,5,34
EV,4684,EWR,5,24
EV,4684,EWR,5,-3
EV,4687,EWR,5,30
EV,4691,EWR,5,29
EV,4691,EWR,5,-4
EV,4700,EWR,5,0
EV,4711,EWR,5,-5
EV,4898,EWR,5,133
EV,4898,EWR,5,-4
EV,4901,EWR,5,-6
EV,4901,EWR,5,-4
EV,4974,LGA,5,0
EV,5025,LGA,5,-7
EV,5168,LGA,5,
EV,5168,LGA,5,
EV,5181,EWR,5,26
EV,5562,LGA,5,-2
EV,5699,LGA,5,-7
EV,5699,LGA,5,1
EV,5712,JFK,5,18
EV,5712,JFK,5,-6
EV,5714,JFK,5,-3
EV,5716,JFK,5,0
EV,5736,LGA,5,27
EV,5769,LGA,5,-4
FL,366,LGA,5,25
FL,721,LGA,5,-8
FL,742,LGA,5,-9
MQ,3695,EWR,5,-1
MQ,3730,EWR,5,17
MQ,3768,EWR,5,-3
MQ,3768,EWR,5,-8
MQ,3783,JFK,5,-7
MQ,3792,JFK,5,45
MQ,4146,JFK,5,
MQ,4255,JFK,5,-1
MQ,4323,JFK,5,84
MQ,4406,JFK,5,-8
MQ,4447,LGA,5,
MQ,4478,LGA,5,-11
MQ,4485,LGA,5,-6
MQ,4518,LGA,5,-7
MQ,4521,LGA,5,75
MQ,4521,LGA,5,-10
MQ,4573,LGA,5,0
MQ,4576,LGA,5,3
MQ,4582,LGA,5,0
MQ,4589,LGA,5,144
MQ,4617,LGA,5,-9
MQ,4619,LGA,5,-6
MQ,4649,LGA,5,-2
MQ,4654,LGA,5,0
MQ,4660,LGA,5,-3
MQ,4660,LGA,5,-4
MQ,4674,LGA,5,30
UA,241,LGA,5,-6
UA,243,EWR,5,-5
UA,257,JFK,5,-4
UA,275,EWR,5,-14
UA,279,EWR,5,-10
UA,292,EWR,5,6
UA,308,EWR,5,126
UA,357,EWR,5,-1
UA,368,EWR,5,11
UA,370,EWR,5,-5
UA,384,LGA,5,-5
UA,423,EWR,5,33
UA,425,EWR,5,16
UA,453,EWR,5,-1
UA,465,EWR,5,17
UA,485,EWR,5,40
UA,488,EWR,5,-6
UA,505,EWR,5,22
UA,512,JFK,5,-8
UA,512,JFK,5,9
UA,544,LGA,5,-8
UA,570,EWR,5,-1
UA,572,LGA,5,-4
UA,589,EWR,5,76
UA,595,EWR,5,-4
UA,608,EWR,5,277
UA,641,EWR,5,3
UA,652,LGA,5,-7
UA,695,LGA,5,42
UA,700,EWR,5,-3
UA,729,EWR,5,132
UA,743,EWR,5,0
UA,745,EWR,5,6
UA,809,EWR,5,-1
UA,841,JFK,5,-9
UA,1025,LGA,5,0
UA,1041,EWR,5,22
UA,1041,EWR,5,19
UA,1073,LGA,5,32
UA,1075,EWR,5,16
UA,1101,EWR,5,-3
UA,1112,LGA,5,0
UA,1121,LGA,5,-7
UA,1146,EWR,5,5
UA,1159,EWR,5,22
UA,1170,EWR,5,3
UA,1175,EWR,5,-2
UA,1189,EWR,5,19
UA,1200,EWR,5,-2
UA,1216,EWR,5,-1
UA,1264,EWR,5,-2
UA,1266,EWR,5,-2
UA,1276,LGA,5,0
UA,1288,EWR,5,0
UA,1289,EWR,5,-1
UA,1293,EWR,5,2
UA,1293,EWR,5,15
UA,1294,EWR,5,8
UA,1294,EWR,5,-1
UA,1437,EWR,5,-5
UA,1444,LGA,5,1
UA,1497,EWR,5,0
UA,1506,EWR,5,6
UA,1534,EWR,5,20
UA,1534,EWR,5,-1
UA,1591,EWR,5,8
UA,1593,EWR,5,16
UA,1598,EWR,5,-1
UA,1644,EWR,5,9
UA,1644,EWR,5,-1
UA,1648,EWR,5,77
UA,1657,JFK,5,16
UA,1672,EWR,5,-1
UA,1692,EWR,5,-2
UA,1692,EWR,5,7
UA,1692,EWR,5,14
UA,1696,EWR,5,-3
UA,1715,LGA,5,-5
US,196,JFK,5,-3
US,1014,EWR,5,-5
US,1032,EWR,5,-8
US,1459,LGA,5,-2
US,1459,LGA,5,-8
US,1491,LGA,5,12
US,1491,LGA,5,7
US,1505,LGA,5,-3
US,1609,EWR,5,-2
US,2128,LGA,5,-5
US,2130,LGA,5,-6
US,2132,LGA,5,69
US,2136,LGA,5,-8
US,2161,LGA,5,94
US,2161,LGA,5,-4
US,2163,LGA,5,7
US,2163,LGA,5,-7
US,2167,LGA,5,-3
US,2173,LGA,5,29
US,2177,LGA,5,
VX,11,JFK,5,-4
VX,27,JFK,5,51
VX,169,EWR,5,330
VX,193,EWR,5,166
VX,193,EWR,5,93
VX,251,JFK,5,-2
VX,399,JFK,5,141
VX,411,JFK,5,-3
VX,411,JFK,5,-4
VX,413,JFK,5,11
VX,415,JFK,5,1
VX,415,JFK,5,17
WN,504,EWR,5,14
WN,947,LGA,5,0
WN,1153,EWR,5,4
WN,1354,LGA,5,0
WN,1720,LGA,5,3
WN,1794,EWR,5,-5
WN,2226,LGA,5,5
WN,2283,LGA,5,1
WN,2320,EWR,5,-7
WN,3135,LGA,5,7
WN,3493,LGA,5,34
9E,3315,JFK,6,7
9E,3383,JFK,6,-4
9E,3383,JFK,6,-5
9E,3398,JFK,6,27
9E,3400,JFK,6,
9E,3403,JFK,6,-6
9E,3403,JFK,6,
9E,3427,JFK,6,7
9E,3433,JFK,6,11
9E,3507,JFK,6,17
9E,3507,JFK,6,-3
9E,3542,JFK,6,193
9E,3611,JFK,6,335
9E,3719,JFK,6,-1
9E,3970,EWR,6,-2
9E,4059,LGA,6,-8
9E,4059,LGA,6,-3
9E,4065,LGA,6,-2
9E,4105,JFK,6,3
9E,4127,JFK,6,-11
9E,4191,JFK,6,
9E,4248,JFK,6,-3
9E,4277,JFK,6,-5
9E,4279,JFK,6,
9E,4280,JFK,6,-4
9E,4287,JFK,6,0
AA,21,JFK,6,1
AA,145,JFK,6,-2
AA,177,JFK,6,187
AA,181,JFK,6,3
AA,269,JFK,6,54
AA,269,JFK,6,-2
AA,309,LGA,6,-4
AA,309,LGA,6,-8
AA,317,LGA,6,0
AA,325,LGA,6,12
AA,327,LGA,6,-3
AA,331,LGA,6,17
AA,361,LGA,6,45
AA,361,LGA,6,195
AA,413,JFK,6,2
AA,543,JFK,6,-1
AA,565,JFK,6,-2
AA,647,JFK,6,-3
AA,701,JFK,6,3
AA,719,LGA,6,-7
AA,763,LGA,6,102
AA,1073,LGA,6,-3
AA,1357,JFK,6,-6
AA,1357,JFK,6,0
AA,1357,JFK,6,-5
AA,1467,LGA,6,-6
AA,1757,JFK,6,-4
AA,1787,JFK,6,46
AA,1813,JFK,6,-5
AA,1815,JFK,6,-4
AA,1837,LGA,6,-2
AA,1850,JFK,6,-10
AA,1901,JFK,6,2
AA,1949,JFK,6,-2
AA,2223,LGA,6,-4
AA,2279,LGA,6,-3
B6,2,JFK,6,-3
B6,22,JFK,6,62
B6,27,JFK,6,-5
B6,34,JFK,6,-3
B6,38,JFK,6,-6
B6,42,JFK,6,-3
B6,57,JFK,6,8
B6,79,JFK,6,-4
B6,83,JFK,6,80
B6,87,JFK,6,7
B6,97,JFK,6,40
B6,117,JFK,6,23
B6,117,JFK,6,-4
B6,118,JFK,6,26
B6,127,EWR,6,-2
B6,128,JFK,6,54
B6,128,JFK,6,-1
B6,165,JFK,6,9
B6,167,JFK,6,23
B6,173,JFK,6,-5
B6,181,JFK,6,-4
B6,183,JFK,6,47
B6,183,JFK,6,23
B6,209,JFK,6,-4
B6,271,LGA,6,-3
B6,281,JFK,6,-4
B6,286,JFK,6,-2
B6,323,JFK,6,1
B6,359,JFK,6,76
B6,359,JFK,6,0
B6,371,LGA,6,-8
B6,383,LGA,6,166
B6,391,LGA,6,-9
B6,393,LGA,6,-9
B6,393,LGA,6,-10
B6,408,JFK,6,6
B6,415,JFK,6,275
B6,461,LGA,6,-6
B6,486,JFK,6,-6
B6,486,JFK,6,137
B6,507,EWR,6,-1
B6,507,EWR,6,-3
B6,518,JFK,6,7
B6,525,JFK,6,3
B6,537,EWR,6,62
B6,575,JFK,6,0
B6,615,JFK,6,8
B6,618,JFK,6,-5
B6,658,JFK,6,20
B6,675,JFK,6,-2
B6,675,JFK,6,-3
B6,883,JFK,6,-2
B6,915,JFK,6,-4
B6,929,JFK,6,1
B6,983,LGA,6,-2
B6,1002,JFK,6,-3
B6,1016,JFK,6,-6
B6,1020,JFK,6,26
B6,1061,JFK,6,-7
B6,1061,JFK,6,0
B6,1083,JFK,6,-2
B6,1103,JFK,6,2
B6,1191,JFK,6,-4
B6,1202,JFK,6,85
B6,1204,JFK,6,-13
B6,1204,JFK,6,-4
B6,1273,JFK,6,1
B6,1295,JFK,6,52
B6,1318,JFK,6,1
B6,1471,LGA,6,-12
B6,2380,EWR,6,-3
B6,2380,EWR,6,-6
DL,4,JFK,6,32
DL,31,JFK,6,-1
DL,61,LGA,6,-1
DL,73,JFK,6,13
DL,73,JFK,6,24
DL,83,JFK,6,-2
DL,87,JFK,6,20
DL,95,JFK,6,11
DL,141,JFK,6,0
DL,183,JFK,6,-3
DL,301,JFK,6,-4
DL,451,LGA,6,-2
DL,503,JFK,6,30
DL,673,EWR,6,11
DL,695,JFK,6,-3
DL,706,JFK,6,40
DL,831,LGA,6,-6
DL,831,LGA,6,-4
DL,857,JFK,6,-5
DL,947,LGA,6,-4
DL,1031,LGA,6,3
DL,1031,LGA,6,29
DL,1057,LGA,6,-8
DL,1091,JFK,6,45
DL,1109,LGA,6,-3
DL,1131,LGA,6,-5
DL,1167,JFK,6,-1
DL,1271,JFK,6,9
DL,1331,LGA,6,-6
DL,1375,JFK,6,25
DL,1415,JFK,6,-3
DL,1435,LGA,6,328
DL,1455,LGA,6,2
DL,1461,JFK,6,-4
DL,1473,LGA,6,-5
DL,1499,LGA,6,31
DL,1543,JFK,6,2
DL,1629,JFK,6,29
DL,1629,JFK,6,-1
DL,1729,JFK,6,27
DL,1753,JFK,6,-3
DL,1753,JFK,6,-4
DL,1753,JFK,6,26
DL,1773,JFK,6,7
DL,1819,LGA,6,29
DL,1847,LGA,6,-4
DL,1847,LGA,6,-4
DL,1847,LGA,6,21
DL,1879,LGA,6,-5
DL,1919,LGA,6,-4
DL,1935,LGA,6,-3
DL,1947,LGA,6,7
DL,2007,JFK,6,67
DL,2041,JFK,6,1
DL,2041,JFK,6,128
DL,2119,LGA,6,-3
DL,2219,LGA,6,-1
DL,2231,LGA,6,19
DL,2245,EWR,6,0
DL,2247,LGA,6,79
DL,2303,LGA,6,-11
DL,2343,EWR,6,-4
DL,2379,LGA,6,13
DL,2383,LGA,6,86
DL,2383,LGA,6,22
DL,2391,JFK,6,-5
EV,3824,EWR,6,-7
EV,3825,EWR,6,-4
EV,4085,EWR,6,7
EV,4087,EWR,6,4
EV,4091,EWR,6,27
EV,4099,EWR,6,-4
EV,4099,EWR,6,-8
EV,4104,EWR,6,12
EV,4119,EWR,6,-9
EV,4122,EWR,6,56
EV,4129,EWR,6,0
EV,4140,EWR,6,160
EV,4171,EWR,6,109
EV,4175,EWR,6,-2
EV,4187,EWR,6,-7
EV,4191,EWR,6,-3
EV,4224,EWR,6,222
EV,4233,EWR,6,-3
EV,4276,EWR,6,-6
EV,4294,EWR,6,7
EV,4300,EWR,6,29
EV,4304,EWR,6,-6
EV,4322,EWR,6,46
EV,4333,EWR,6,
EV,4352,EWR,6,0
EV,4361,EWR,6,178
EV,4372,EWR,6,-10
EV,4372,EWR,6,-3
EV,4380,EWR,6,-2
EV,4388,EWR,6,-6
EV,4397,EWR,6,-4
EV,4407,EWR,6,-4
EV,4422,EWR,6,0
EV,4471,EWR,6,-4
EV,4480,EWR,6,90
EV,4517,EWR,6,45
EV,4522,EWR,6,85
EV,4544,EWR,6,-2
EV,4628,EWR,6,-4
EV,4649,LGA,6,
EV,4672,EWR,6,-6
EV,4700,EWR,6,-5
EV,4700,EWR,6,162
EV,4700,EWR,6,
EV,4700,EWR,6,96
EV,4702,EWR,6,18
EV,4901,EWR,6,-4
EV,4949,LGA,6,
EV,4950,LGA,6,-3
EV,4969,LGA,6,
EV,4998,LGA,6,-3
EV,5038,LGA,6,51
EV,5168,LGA,6,103
EV,5273,LGA,6,0
EV,5386,EWR,6,-6
EV,5386,EWR,6,-6
EV,5559,EWR,6,
EV,5559,EWR,6,-5
EV,5562,LGA,6,-5
EV,5599,LGA,6,0
EV,5599,LGA,6,-3
EV,5712,JFK,6,-2
EV,5712,JFK,6,-9
EV,5736,LGA,6,-5
EV,5747,LGA,6,14
EV,5817,EWR,6,
EV,5818,EWR,6,-3
EV,5824,EWR,6,-6
EV,6054,EWR,6,21
FL,348,LGA,6,0
FL,353,LGA,6,115
FL,721,LGA,6,18
FL,771,LGA,6,110
FL,778,LGA,6,-3
HA,51,JFK,6,-8
MQ,2793,JFK,6,-7
MQ,2949,JFK,6,130
MQ,2949,JFK,6,70
MQ,3044,JFK,6,
MQ,3199,LGA,6,100
MQ,3281,LGA,6,0
MQ,3281,LGA,6,-10
MQ,3349,LGA,6,0
MQ,3367,LGA,6,-12
MQ,3374,JFK,6,
MQ,3386,JFK,6,-7
MQ,3441,JFK,6,-8
MQ,3478,LGA,6,-8
MQ,3486,LGA,6,-14
MQ,3531,LGA,6,54
MQ,3556,LGA,6,19
MQ,3572,LGA,6,-3
MQ,3604,EWR,6,
MQ,3660,LGA,6,
MQ,3737,EWR,6,
MQ,4401,LGA,6,-10
MQ,4404,JFK,6,121
MQ,4425,JFK,6,40
MQ,4471,LGA,6,-9
MQ,4521,LGA,6,-1
MQ,4555,LGA,6,0
MQ,4577,LGA,6,41
MQ,4579,LGA,6,-7
MQ,4582,LGA,6,233
MQ,4655,LGA,6,32
MQ,4662,LGA,6,167
UA,204,EWR,6,5
UA,215,EWR,6,59
UA,244,EWR,6,-9
UA,248,EWR,6,16
UA,273,EWR,6,170
UA,327,EWR,6,-6
UA,355,EWR,6,-7
UA,379,EWR,6,-8
UA,421,EWR,6,0
UA,448,EWR,6,2
UA,451,LGA,6,-11
UA,466,EWR,6,-5
UA,527,EWR,6,116
UA,531,LGA,6,62
UA,544,LGA,6,0
UA,561,LGA,6,-2
UA,571,EWR,6,0
UA,580,JFK,6,79
UA,587,EWR,6,-1
UA,642,JFK,6,69
UA,646,EWR,6,7
UA,646,EWR,6,23
UA,651,EWR,6,15
UA,675,EWR,6,5
UA,684,EWR,6,
UA,686,LGA,6,-1
UA,709,LGA,6,-1
UA,732,EWR,6,20
UA,732,EWR,6,-6
UA,841,JFK,6,6
UA,841,JFK,6,-4
UA,996,EWR,6,-2
UA,996,EWR,6,39
UA,1023,LGA,6,4
UA,1061,EWR,6,7
UA,1074,EWR,6,0
UA,1110,EWR,6,5
UA,1138,EWR,6,-2
UA,1144,EWR,6,32
UA,1166,EWR,6,22
UA,1171,EWR,6,-4
UA,1178,EWR,6,0
UA,1182,EWR,6,0
UA,1186,EWR,6,41
UA,1186,EWR,6,-4
UA,1193,EWR,6,-4
UA,1201,JFK,6,0
UA,1210,EWR,6,5
UA,1216,EWR,6,-1
UA,1216,EWR,6,-1
UA,1241,EWR,6,-4
UA,1242,EWR,6,-3
UA,1248,EWR,6,38
UA,1439,EWR,6,133
UA,1444,EWR,6,-3
UA,1463,EWR,6,-2
UA,1477,LGA,6,-6
UA,1496,EWR,6,-1
UA,1558,EWR,6,-4
UA,1638,EWR,6,8
UA,1665,EWR,6,66
UA,1666,EWR,6,1
UA,1682,EWR,6,2
UA,1692,EWR,6,36
UA,1740,EWR,6,-2
US,17,JFK,6,-4
US,297,JFK,6,41
US,297,JFK,6,-4
US,334,EWR,6,-4
US,449,EWR,6,40
US,604,EWR,6,-3
US,1229,EWR,6,-9
US,1277,LGA,6,-5
US,1431,EWR,6,-2
US,1447,JFK,6,-6
US,1491,LGA,6,-3
US,1491,LGA,6,78
US,1509,EWR,6,-1
US,1529,LGA,6,-6
US,1543,LGA,6,4
US,1607,LGA,6,39
US,1607,LGA,6,29
US,1973,EWR,6,-4
US,2118,LGA,6,73
US,2144,LGA,6,
US,2163,LGA,6,-1
US,2177,LGA,6,-6
US,2183,LGA,6,
VX,11,JFK,6,86
VX,29,JFK,6,30
VX,29,JFK,6,196
VX,29,JFK,6,172
VX,161,EWR,6,-3
VX,169,EWR,6,244
VX,251,JFK,6,0
VX,251,JFK,6,5
WN,19,EWR,6,24
WN,40,LGA,6,15
WN,216,EWR,6,151
WN,226,EWR,6,42
WN,273,LGA,6,5
WN,1256,EWR,6,-1
WN,1983,EWR,6,
WN,2097,LGA,6,-3
WN,2269,EWR,6,23
WN,2625,LGA,6,127
WN,3316,EWR,6,-1
YV,2751,LGA,6,5
YV,3771,LGA,6,84
YV,3771,LGA,6,70
9E,3285,JFK,7,114
9E,3325,JFK,7,48
9E,3341,JFK,7,10
9E,3341,JFK,7,
9E,3395,JFK,7,160
9E,3395,JFK,7,103
9E,3400,JFK,7,46
9E,3459,JFK,7,10
9E,3525,JFK,7,0
9E,3588,JFK,7,115
9E,3611,JFK,7,-9
9E,3793,JFK,7,110
9E,4033,LGA,7,-5
9E,4033,LGA,7,45
9E,4059,LGA,7,59
9E,4079,JFK,7,12
9E,4105,JFK,7,0
9E,4115,JFK,7,-4
AA,1,JFK,7,5
AA,33,JFK,7,55
AA,119,EWR,7,-2
AA,177,JFK,7,2
AA,185,JFK,7,-3
AA,185,JFK,7,68
AA,257,JFK,7,2
AA,301,LGA,7,-5
AA,305,LGA,7,-1
AA,327,LGA,7,9
AA,327,LGA,7,0
AA,329,LGA,7,-10
AA,331,LGA,7,-4
AA,337,LGA,7,-6
AA,345,LGA,7,85
AA,361,LGA,7,
AA,371,LGA,7,19
AA,371,LGA,7,4
AA,371,LGA,7,
AA,707,LGA,7,-2
AA,711,LGA,7,-6
AA,719,LGA,7,-9
AA,753,LGA,7,-4
AA,773,LGA,7,-5
AA,779,LGA,7,0
AA,785,LGA,7,19
AA,1223,EWR,7,-3
AA,1357,JFK,7,-9
AA,1357,JFK,7,-7
AA,1467,LGA,7,26
AA,1507,EWR,7,0
AA,1691,EWR,7,-1
AA,1751,JFK,7,11
AA,1751,JFK,7,-2
AA,1751,JFK,7,28
AA,1769,JFK,7,7
AA,1769,JFK,7,-2
AA,1895,EWR,7,-3
AA,1895,EWR,7,16
AA,1901,JFK,7,-7
AA,1999,EWR,7,-2
AA,2019,LGA,7,-9
AA,2041,JFK,7,2
AA,2083,EWR,7,-5
AA,2223,LGA,7,-1
AA,2279,LGA,7,-6
B6,1,JFK,7,58
B6,5,EWR,7,2
B6,8,JFK,7,4
B6,15,JFK,7,19
B6,41,JFK,7,64
B6,53,JFK,7,5
B6,53,JFK,7,-4
B6,63,JFK,7,46
B6,97,JFK,7,109
B6,105,JFK,7,61
B6,105,JFK,7,58
B6,118,JFK,7,1
B6,127,EWR,7,-2
B6,165,JFK,7,10
B6,201,JFK,7,-4
B6,211,JFK,7,-4
B6,219,JFK,7,54
B6,225,JFK,7,43
B6,234,JFK,7,73
B6,271,LGA,7,-3
B6,281,JFK,7,43
B6,286,JFK,7,-7
B6,286,JFK,7,-11
B6,301,JFK,7,11
B6,305,EWR,7,107
B6,305,EWR,7,28
B6,316,JFK,7,45
B6,323,JFK,7,-2
B6,359,JFK,7,123
B6,371,LGA,7,-5
B6,371,LGA,7,17
B6,403,JFK,7,10
B6,403,JFK,7,1
B6,408,JFK,7,36
B6,411,JFK,7,-3
B6,425,JFK,7,4
B6,425,JFK,7,31
B6,461,LGA,7,5
B6,486,JFK,7,-5
B6,518,JFK,7,26
B6,518,JFK,7,107
B6,573,EWR,7,-4
B6,575,JFK,7,28
B6,669,JFK,7,-2
B6,677,JFK,7,26
B6,677,JFK,7,1
B6,683,JFK,7,-6
B6,683,JFK,7,-3
B6,839,JFK,7,73
B6,901,JFK,7,-4
B6,918,JFK,7,25
B6,925,JFK,7,3
B6,929,JFK,7,44
B6,929,JFK,7,3
B6,971,LGA,7,-9
B6,1013,JFK,7,-10
B6,1083,JFK,7,153
B6,1083,JFK,7,21
B6,1083,JFK,7,46
B6,1103,JFK,7,70
B6,1103,JFK,7,39
B6,1117,LGA,7,18
B6,1119,JFK,7,-1
B6,1203,JFK,7,116
B6,1271,LGA,7,-2
B6,1295,JFK,7,91
B6,1295,JFK,7,30
B6,1318,JFK,7,14
B6,1338,JFK,7,16
B6,1373,JFK,7,0
B6,1403,JFK,7,7
B6,1403,JFK,7,-5
B6,1407,JFK,7,23
B6,1503,JFK,7,17
B6,1505,JFK,7,33
B6,1634,JFK,7,-7
B6,1634,JFK,7,-6
B6,1729,JFK,7,26
B6,1883,JFK,7,32
B6,2180,EWR,7,-10
B6,2302,JFK,7,71
B6,2680,EWR,7,-5
B6,2802,JFK,7,-7
DL,95,JFK,7,-5
DL,120,JFK,7,-2
DL,127,JFK,7,-3
DL,141,JFK,7,58
DL,269,JFK,7,-2
DL,301,JFK,7,-5
DL,315,JFK,7,-5
DL,347,JFK,7,31
DL,451,LGA,7,-2
DL,451,LGA,7,17
DL,485,EWR,7,-3
DL,503,JFK,7,-3
DL,667,JFK,7,-2
DL,781,LGA,7,-1
DL,841,JFK,7,-5
DL,843,JFK,7,32
DL,857,JFK,7,-4
DL,884,LGA,7,51
DL,884,LGA,7,24
DL,914,LGA,7,-6
DL,914,LGA,7,-2
DL,947,LGA,7,-8
DL,985,JFK,7,68
DL,1031,LGA,7,-6
DL,1091,JFK,7,22
DL,1091,JFK,7,23
DL,1131,LGA,7,-1
DL,1147,LGA,7,-3
DL,1247,LGA,7,-6
DL,1275,JFK,7,-1
DL,1279,LGA,7,11
DL,1321,EWR,7,13
DL,1375,JFK,7,-4
DL,1429,JFK,7,12
DL,1435,LGA,7,46
DL,1443,JFK,7,-5
DL,1499,LGA,7,29
DL,1529,JFK,7,-5
DL,1619,LGA,7,7
DL,1765,JFK,7,
DL,1854,LGA,7,-5
DL,1875,LGA,7,42
DL,1902,LGA,7,24
DL,1903,LGA,7,7
DL,2042,EWR,7,41
DL,2159,JFK,7,8
DL,2231,LGA,7,110
DL,2247,LGA,7,3
DL,2280,JFK,7,-3
DL,2285,LGA,7,-6
DL,2319,LGA,7,-3
DL,2370,LGA,7,-4
DL,2370,LGA,7,-3
DL,2383,LGA,7,12
DL,2395,LGA,7,60
DL,2422,LGA,7,-8
DL,2454,JFK,7,1
DL,2459,JFK,7,20
EV,3825,EWR,7,63
EV,3830,EWR,7,144
EV,3853,EWR,7,-4
EV,3854,EWR,7,146
EV,4099,EWR,7,-5
EV,4099,EWR,7,6
EV,4100,EWR,7,8
EV,4103,EWR,7,-5
EV,4109,EWR,7,9
EV,4129,EWR,7,-4
EV,4131,EWR,7,-6
EV,4166,EWR,7,-4
EV,4193,EWR,7,-3
EV,4300,EWR,7,33
EV,4302,EWR,7,0
EV,4316,EWR,7,-2
EV,4326,EWR,7,-1
EV,4361,EWR,7,100
EV,4380,EWR,7,-3
EV,4388,EWR,7,10
EV,4397,EWR,7,69
EV,4411,EWR,7,
EV,4419,EWR,7,-6
EV,4424,EWR,7,-8
EV,4471,EWR,7,-3
EV,4519,EWR,7,-5
EV,4532,EWR,7,-4
EV,4535,EWR,7,0
EV,4536,EWR,7,88
EV,4537,EWR,7,21
EV,4576,EWR,7,-3
EV,4596,EWR,7,85
EV,4640,EWR,7,-7
EV,4651,EWR,7,74
EV,4662,EWR,7,-4
EV,4662,EWR,7,-3
EV,4662,EWR,7,
EV,4687,EWR,7,-6
EV,4691,EWR,7,23
EV,4691,EWR,7,-3
EV,4711,EWR,7,1
EV,4872,LGA,7,64
EV,4949,LGA,7,-11
EV,4952,LGA,7,23
EV,4978,LGA,7,72
EV,5048,LGA,7,
EV,5091,LGA,7,46
EV,5092,EWR,7,
EV,5109,LGA,7,-12
EV,5169,LGA,7,-6
EV,5169,LGA,7,
EV,5207,LGA,7,2
EV,5222,EWR,7,89
EV,5258,LGA,7,208
EV,5299,LGA,7,-7
EV,5454,EWR,7,2
EV,5454,EWR,7,82
EV,5509,EWR,7,-5
EV,5509,EWR,7,8
EV,5545,EWR,7,-3
EV,5601,LGA,7,
EV,5714,JFK,7,200
EV,5736,LGA,7,199
EV,5736,LGA,7,2
EV,5824,EWR,7,49
EV,5955,EWR,7,5
EV,5955,EWR,7,24
EV,6078,EWR,7,-3
F9,507,LGA,7,16
FL,485,LGA,7,188
FL,485,LGA,7,128
MQ,2949,JFK,7,
MQ,3272,LGA,7,74
MQ,3305,LGA,7,-6
MQ,3340,LGA,7,-10
MQ,3351,LGA,7,-4
MQ,3355,LGA,7,-2
MQ,3355,LGA,7,-8
MQ,3355,LGA,7,-8
MQ,3357,LGA,7,78
MQ,3359,JFK,7,-8
MQ,3361,JFK,7,5
MQ,3361,JFK,7,-3
MQ,3363,JFK,7,0
MQ,3386,JFK,7,-2
MQ,3388,LGA,7,-6
MQ,3391,LGA,7,0
MQ,3402,LGA,7,0
MQ,3404,LGA,7,-2
MQ,3419,LGA,7,-6
MQ,3433,JFK,7,136
MQ,3433,JFK,7,-2
MQ,3433,JFK,7,-6
MQ,3526,LGA,7,-1
MQ,3532,LGA,7,4
MQ,3535,JFK,7,130
MQ,3556,LGA,7,14
MQ,3556,LGA,7,-5
MQ,3565,LGA,7,9
MQ,3567,LGA,7,
MQ,3588,LGA,7,-20
MQ,3591,LGA,7,60
MQ,3599,LGA,7,-7
MQ,3603,LGA,7,-8
MQ,3604,EWR,7,
MQ,3604,EWR,7,72
MQ,3604,EWR,7,20
MQ,3658,LGA,7,-3
MQ,3689,LGA,7,64
MQ,3689,LGA,7,50
UA,208,EWR,7,76
UA,244,LGA,7,-7
UA,245,EWR,7,-5
UA,253,EWR,7,43
UA,255,LGA,7,-6
UA,257,JFK,7,0
UA,280,EWR,7,-3
UA,303,JFK,7,-5
UA,311,EWR,7,2
UA,311,EWR,7,-3
UA,317,EWR,7,78
UA,339,EWR,7,-8
UA,343,LGA,7,-2
UA,368,EWR,7,16
UA,373,EWR,7,-9
UA,385,EWR,7,6
UA,405,LGA,7,
UA,439,EWR,7,-6
UA,443,JFK,7,-3
UA,445,EWR,7,4
UA,475,EWR,7,12
UA,483,EWR,7,-4
UA,506,EWR,7,-6
UA,518,EWR,7,-6
UA,535,JFK,7,-4
UA,544,LGA,7,-7
UA,554,EWR,7,-7
UA,561,LGA,7,-6
UA,566,EWR,7,-3
UA,580,JFK,7,-4
UA,608,EWR,7,29
UA,673,LGA,7,
UA,685,LGA,7,-1
UA,691,EWR,7,4
UA,691,EWR,7,113
UA,712,JFK,7,0
UA,771,JFK,7,10
UA,771,JFK,7,1
UA,994,EWR,7,-3
UA,1078,EWR,7,17
UA,1109,EWR,7,0
UA,1109,EWR,7,-1
UA,1116,EWR,7,93
UA,1116,EWR,7,46
UA,1128,LGA,7,0
UA,1128,LGA,7,2
UA,1130,EWR,7,1
UA,1143,EWR,7,18
UA,1148,EWR,7,-4
UA,1151,EWR,7,-3
UA,1152,EWR,7,3
UA,1163,EWR,7,-8
UA,1183,EWR,7,-7
UA,1186,EWR,7,35
UA,1218,EWR,7,3
UA,1218,EWR,7,-4
UA,1222,EWR,7,-2
UA,1232,EWR,7,0
UA,1253,EWR,7,-6
UA,1259,LGA,7,-2
UA,1259,LGA,7,348
UA,1284,EWR,7,-3
UA,1284,EWR,7,3
UA,1284,EWR,7,-1
UA,1285,EWR,7,7
UA,1290,EWR,7,6
UA,1292,EWR,7,2
UA,1437,LGA,7,195
UA,1451,EWR,7,-7
UA,1496,EWR,7,20
UA,1506,EWR,7,3
UA,1532,EWR,7,4
UA,1555,EWR,7,21
UA,1574,EWR,7,-4
UA,1581,EWR,7,3
UA,1622,EWR,7,-2
UA,1627,EWR,7,0
UA,1638,EWR,7,-2
UA,1641,EWR,7,-4
UA,1643,EWR,7,-2
UA,1654,EWR,7,20
UA,1665,EWR,7,-5
UA,1665,EWR,7,-4
UA,1680,EWR,7,0
UA,1682,EWR,7,0
UA,1684,EWR,7,9
UA,1686,EWR,7,50
UA,1700,EWR,7,20
UA,1701,EWR,7,-4
UA,1712,EWR,7,15
UA,1722,EWR,7,-1
UA,1722,EWR,7,-3
UA,1740,EWR,7,-4
US,802,EWR,7,-3
US,802,EWR,7,-2
US,980,LGA,7,-1
US,1026,EWR,7,-6
US,1085,LGA,7,6
US,1431,EWR,7,7
US,1444,JFK,7,11
US,1459,LGA,7,-6
US,1543,LGA,7,-6
US,1543,LGA,7,-7
US,1629,LGA,7,-7
US,1965,EWR,7,-4
US,2114,LGA,7,-9
US,2128,LGA,7,-6
US,2134,LGA,7,30
US,2134,LGA,7,0
US,2165,LGA,7,-6
US,2167,LGA,7,-5
US,2175,LGA,7,-8
US,2175,LGA,7,-7
US,2175,LGA,7,8
US,2187,LGA,7,55
US,2189,LGA,7,24
VX,23,JFK,7,7
VX,161,EWR,7,6
VX,165,EWR,7,0
VX,251,JFK,7,-2
VX,411,JFK,7,-1
WN,19,EWR,7,72
WN,345,LGA,7,29
WN,488,EWR,7,-1
WN,493,LGA,7,23
WN,580,EWR,7,84
WN,625,EWR,7,
WN,654,EWR,7,-2
WN,1098,LGA,7,32
WN,1836,LGA,7,-4
WN,1983,EWR,7,-1
WN,2003,EWR,7,1
WN,2097,LGA,7,-3
WN,2649,EWR,7,-4
WN,3297,LGA,7,-8
WN,3574,EWR,7,-1
YV,2651,LGA,7,-7
9E,3318,JFK,8,1
9E,3319,JFK,8,-4
9E,3353,JFK,8,297
9E,3360,JFK,8,1
9E,3367,JFK,8,25
9E,3393,JFK,8,-7
9E,3400,JFK,8,-8
9E,3443,JFK,8,9
9E,3466,JFK,8,46
9E,3521,JFK,8,1
9E,3521,JFK,8,-12
9E,3523,JFK,8,36
9E,3538,JFK,8,-3
9E,3542,JFK,8,2
9E,3542,JFK,8,22
9E,3748,JFK,8,-4
9E,3830,JFK,8,127
9E,3879,EWR,8,-2
9E,4013,JFK,8,-2
9E,4013,JFK,8,329
9E,4059,LGA,8,-14
9E,4115,JFK,8,32
9E,4120,JFK,8,0
9E,4120,JFK,8,12
9E,4120,JFK,8,7
AA,1,JFK,8,-3
AA,19,JFK,8,-5
AA,33,JFK,8,-1
AA,119,EWR,8,-1
AA,145,JFK,8,-8
AA,309,LGA,8,-3
AA,313,LGA,8,-2
AA,329,LGA,8,-8
AA,329,LGA,8,1
AA,353,LGA,8,-14
AA,359,LGA,8,9
AA,359,LGA,8,-8
AA,369,EWR,8,11
AA,647,JFK,8,-3
AA,647,JFK,8,-9
AA,711,LGA,8,-4
AA,731,LGA,8,-3
AA,743,LGA,8,4
AA,759,LGA,8,-5
AA,779,LGA,8,35
AA,779,LGA,8,6
AA,793,LGA,8,-5
AA,881,JFK,8,3
AA,1073,LGA,8,-7
AA,1357,JFK,8,156
AA,1621,LGA,8,-6
AA,1691,EWR,8,-11
AA,1709,LGA,8,-8
AA,1711,JFK,8,171
AA,1711,JFK,8,0
AA,1751,JFK,8,15
AA,1813,JFK,8,0
AA,1837,LGA,8,-5
AA,1837,LGA,8,-4
AA,1841,EWR,8,122
AA,1855,LGA,8,-4
AA,2099,LGA,8,24
AA,2147,EWR,8,-10
AA,2267,LGA,8,-4
B6,15,JFK,8,-5
B6,23,JFK,8,39
B6,23,JFK,8,17
B6,27,EWR,8,-1
B6,27,EWR,8,-5
B6,34,JFK,8,-5
B6,53,JFK,8,8
B6,83,JFK,8,-5
B6,89,JFK,8,11
B6,97,JFK,8,101
B6,105,JFK,8,-3
B6,116,JFK,8,-5
B6,116,JFK,8,-2
B6,135,JFK,8,-3
B6,153,JFK,8,-4
B6,161,JFK,8,79
B6,161,JFK,8,13
B6,163,JFK,8,-6
B6,163,JFK,8,19
B6,189,JFK,8,5
B6,201,JFK,8,-4
B6,208,JFK,8,-4
B6,225,JFK,8,135
B6,283,JFK,8,75
B6,308,JFK,8,-3
B6,316,JFK,8,-9
B6,318,JFK,8,43
B6,325,JFK,8,29
B6,359,JFK,8,30
B6,371,LGA,8,-1
B6,403,JFK,8,-2
B6,415,JFK,8,133
B6,425,JFK,8,4
B6,461,LGA,8,5
B6,461,LGA,8,3
B6,477,JFK,8,0
B6,486,JFK,8,167
B6,486,JFK,8,-1
B6,518,JFK,8,-2
B6,527,EWR,8,41
B6,586,JFK,8,-4
B6,669,JFK,8,17
B6,675,JFK,8,-3
B6,677,JFK,8,-3
B6,683,JFK,8,-2
B6,686,JFK,8,0
B6,703,JFK,8,81
B6,711,JFK,8,143
B6,711,JFK,8,-5
B6,795,JFK,8,45
B6,883,JFK,8,-6
B6,927,EWR,8,182
B6,927,EWR,8,-5
B6,929,JFK,8,-6
B6,1013,JFK,8,1
B6,1103,JFK,8,39
B6,1103,JFK,8,39
B6,1161,LGA,8,-4
B6,1183,JFK,8,9
B6,1185,JFK,8,1
B6,1273,JFK,8,-5
B6,1295,JFK,8,28
B6,1307,JFK,8,29
B6,1318,JFK,8,10
B6,1403,JFK,8,-4
B6,1407,JFK,8,-3
B6,1503,JFK,8,36
B6,1511,EWR,8,-7
B6,1516,JFK,8,2
B6,1516,JFK,8,-4
B6,1634,JFK,8,-3
B6,1734,JFK,8,5
B6,1816,JFK,8,1
B6,1883,JFK,8,15
B6,2302,JFK,8,-3
B6,2302,JFK,8,74
B6,2380,EWR,8,-10
B6,2402,JFK,8,73
B6,2502,JFK,8,-2
B6,2580,EWR,8,8
B6,2580,EWR,8,-10
B6,2602,JFK,8,-4
B6,2680,EWR,8,96
B6,2702,JFK,8,-2
B6,2702,JFK,8,-5
DL,4,JFK,8,2
DL,17,JFK,8,-1
DL,31,JFK,8,0
DL,120,JFK,8,-3
DL,120,JFK,8,-4
DL,127,JFK,8,-2
DL,127,JFK,8,-1
DL,127,JFK,8,-1
DL,127,JFK,8,1
DL,245,JFK,8,85
DL,301,JFK,8,-4
DL,347,JFK,8,34
DL,401,EWR,8,-2
DL,451,LGA,8,208
DL,461,LGA,8,-5
DL,461,LGA,8,-1
DL,503,JFK,8,-2
DL,569,JFK,8,-5
DL,695,JFK,8,-5
DL,706,JFK,8,9
DL,731,LGA,8,6
DL,763,JFK,8,5
DL,863,JFK,8,-2
DL,863,JFK,8,-2
DL,874,LGA,8,-7
DL,884,LGA,8,0
DL,914,LGA,8,-4
DL,1031,LGA,8,-2
DL,1147,LGA,8,-9
DL,1181,JFK,8,8
DL,1321,EWR,8,-5
DL,1373,JFK,8,2
DL,1375,JFK,8,-4
DL,1443,JFK,8,-3
DL,1465,JFK,8,7
DL,1473,LGA,8,109
DL,1529,JFK,8,0
DL,1619,LGA,8,0
DL,1629,JFK,8,38
DL,1647,LGA,8,14
DL,1705,LGA,8,-7
DL,1715,LGA,8,-1
DL,1729,JFK,8,26
DL,1743,JFK,8,0
DL,1743,JFK,8,-2
DL,1773,JFK,8,-2
DL,1819,LGA,8,-2
DL,1847,LGA,8,0
DL,1942,EWR,8,-6
DL,1947,LGA,8,-3
DL,1959,JFK,8,-7
DL,1982,LGA,8,-6
DL,2019,LGA,8,-1
DL,2019,LGA,8,4
DL,2019,LGA,8,-2
DL,2047,LGA,8,-4
DL,2047,LGA,8,33
DL,2219,LGA,8,-5
DL,2247,LGA,8,-6
DL,2285,LGA,8,-5
DL,2343,EWR,8,29
DL,2363,JFK,8,48
DL,2391,JFK,8,-3
DL,2395,LGA,8,-11
DL,2457,LGA,8,1
EV,3257,EWR,8,-2
EV,3267,EWR,8,-10
EV,3849,EWR,8,-1
EV,3851,EWR,8,-2
EV,3854,EWR,8,-8
EV,4091,EWR,8,-4
EV,4112,EWR,8,-3
EV,4118,EWR,8,-9
EV,4122,EWR,8,-6
EV,4131,EWR,8,9
EV,4193,EWR,8,7
EV,4193,EWR,8,58
EV,4195,EWR,8,-1
EV,4204,EWR,8,-3
EV,4246,EWR,8,-6
EV,4252,EWR,8,21
EV,4294,EWR,8,24
EV,4300,EWR,8,-6
EV,4312,EWR,8,-11
EV,4333,EWR,8,32
EV,4336,EWR,8,33
EV,4377,EWR,8,-3
EV,4380,EWR,8,-7
EV,4381,EWR,8,5
EV,4407,EWR,8,179
EV,4417,EWR,8,-5
EV,4424,EWR,8,-6
EV,4424,EWR,8,0
EV,4453,EWR,8,19
EV,4474,EWR,8,-1
EV,4510,EWR,8,0
EV,4533,EWR,8,-6
EV,4536,EWR,8,2
EV,4537,EWR,8,-1
EV,4537,EWR,8,-1
EV,4576,EWR,8,8
EV,4576,EWR,8,189
EV,4596,EWR,8,90
EV,4628,EWR,8,-7
EV,4662,EWR,8,2
EV,4667,EWR,8,41
EV,4678,EWR,8,13
EV,4679,EWR,8,-1
EV,4695,EWR,8,0
EV,4695,EWR,8,22
EV,4700,EWR,8,168
EV,4895,LGA,8,-6
EV,4998,LGA,8,-4
EV,5068,EWR,8,0
EV,5148,EWR,8,98
EV,5148,EWR,8,-6
EV,5268,LGA,8,-2
EV,5273,LGA,8,127
EV,5601,LGA,8,273
EV,5677,EWR,8,-11
EV,5736,LGA,8,64
EV,5736,LGA,8,-2
EV,5797,EWR,8,-5
EV,5810,EWR,8,-6
EV,5811,EWR,8,-2
EV,5812,EWR,8,3
EV,5827,EWR,8,10
EV,5983,EWR,8,-2
EV,6002,EWR,8,
EV,6120,LGA,8,238
FL,346,LGA,8,14
FL,354,LGA,8,-8
FL,485,LGA,8,15
FL,604,LGA,8,1
FL,685,LGA,8,142
FL,721,LGA,8,13
HA,51,JFK,8,-8
HA,51,JFK,8,-5
MQ,2949,JFK,8,-1
MQ,3075,JFK,8,33
MQ,3134,EWR,8,42
MQ,3230,JFK,8,-3
MQ,3281,LGA,8,-7
MQ,3281,LGA,8,-8
MQ,3281,LGA,8,-2
MQ,3301,LGA,8,0
MQ,3317,LGA,8,56
MQ,3340,LGA,8,42
MQ,3349,LGA,8,-3
MQ,3365,JFK,8,51
MQ,3388,LGA,8,-7
MQ,3391,LGA,8,-10
MQ,3404,LGA,8,35
MQ,3461,LGA,8,15
MQ,3486,LGA,8,-7
MQ,3493,LGA,8,41
MQ,3526,LGA,8,6
MQ,3531,LGA,8,-7
MQ,3532,LGA,8,-7
MQ,3546,LGA,8,-1
MQ,3556,LGA,8,-5
MQ,3565,LGA,8,-3
MQ,3567,LGA,8,-4
MQ,3573,LGA,8,
MQ,3588,LGA,8,0
MQ,3622,LGA,8,0
MQ,3622,LGA,8,-3
MQ,3622,LGA,8,4
MQ,3670,LGA,8,-8
MQ,3676,LGA,8,-3
MQ,3676,LGA,8,117
MQ,3689,LGA,8,-3
UA,12,EWR,8,21
UA,112,EWR,8,152
UA,156,EWR,8,0
UA,205,EWR,8,-1
UA,207,EWR,8,-10
UA,217,EWR,8,20
UA,236,JFK,8,-5
UA,255,LGA,8,-1
UA,303,JFK,8,-2
UA,311,EWR,8,-9
UA,331,EWR,8,35
UA,347,JFK,8,-4
UA,350,EWR,8,-1
UA,363,EWR,8,10
UA,389,JFK,8,9
UA,389,JFK,8,11
UA,397,JFK,8,-1
UA,423,EWR,8,-6
UA,544,LGA,8,-1
UA,550,EWR,8,-7
UA,568,EWR,8,7
UA,580,JFK,8,9
UA,635,LGA,8,21
UA,642,JFK,8,-10
UA,664,EWR,8,59
UA,675,EWR,8,-3
UA,677,EWR,8,-1
UA,685,LGA,8,4
UA,691,EWR,8,-5
UA,695,LGA,8,-7
UA,701,EWR,8,32
UA,771,JFK,8,15
UA,833,EWR,8,-4
UA,999,EWR,8,-5
UA,1054,EWR,8,2
UA,1100,EWR,8,12
UA,1107,EWR,8,7
UA,1116,EWR,8,22
UA,1132,EWR,8,-1
UA,1142,EWR,8,-3
UA,1150,EWR,8,-6
UA,1150,EWR,8,2
UA,1152,EWR,8,30
UA,1159,EWR,8,-1
UA,1164,EWR,8,-2
UA,1183,EWR,8,-6
UA,1186,EWR,8,-1
UA,1186,EWR,8,-2
UA,1187,EWR,8,6
UA,1199,EWR,8,-5
UA,1244,EWR,8,-2
UA,1246,EWR,8,-6
UA,1257,LGA,8,-3
UA,1268,LGA,8,-4
UA,1284,EWR,8,1
UA,1290,EWR,8,1
UA,1290,EWR,8,10
UA,1401,EWR,8,23
UA,1439,EWR,8,-4
UA,1454,LGA,8,-3
UA,1454,LGA,8,0
UA,1464,EWR,8,5
UA,1496,EWR,8,-2
UA,1497,EWR,8,-1
UA,1524,EWR,8,2
UA,1532,EWR,8,3
UA,1542,LGA,8,
UA,1556,EWR,8,-2
UA,1591,EWR,8,14
UA,1626,EWR,8,-3
UA,1638,EWR,8,21
UA,1643,EWR,8,-4
UA,1643,EWR,8,0
UA,1691,EWR,8,2
UA,1692,EWR,8,18
UA,1703,EWR,8,3
UA,1703,EWR,8,80
UA,1704,EWR,8,79
UA,1712,EWR,8,18
UA,1727,EWR,8,-3
UA,1735,EWR,8,13
UA,1744,LGA,8,35
US,629,JFK,8,-2
US,802,EWR,8,-2
US,1753,EWR,8,-5
US,1815,LGA,8,-1
US,1831,JFK,8,2
US,1993,EWR,8,-2
US,1995,LGA,8,-4
US,2039,EWR,8,-3
US,2063,JFK,8,0
US,2071,LGA,8,7
US,2075,LGA,8,-8
US,2077,LGA,8,-3
US,2085,LGA,8,-4
US,2095,EWR,8,-9
US,2136,LGA,8,-6
US,2142,LGA,8,-3
US,2148,LGA,8,-12
US,2150,LGA,8,-9
US,2152,LGA,8,-8
US,2160,LGA,8,-7
US,2162,LGA,8,-10
US,2177,LGA,8,0
US,2187,LGA,8,20
US,2187,LGA,8,
US,2191,LGA,8,3
US,2191,LGA,8,
US,2193,LGA,8,-5
US,2195,LGA,8,44
VX,23,JFK,8,7
VX,29,JFK,8,-4
VX,29,JFK,8,6
VX,161,EWR,8,-7
VX,161,EWR,8,-7
VX,161,EWR,8,-2
VX,187,EWR,8,-7
VX,399,JFK,8,1
WN,172,LGA,8,2
WN,401,LGA,8,64
WN,401,LGA,8,14
WN,441,EWR,8,6
WN,488,EWR,8,2
WN,526,LGA,8,0
WN,1014,EWR,8,36
WN,1098,LGA,8,-1
WN,1312,LGA,8,-4
WN,2269,LGA,8,19
WN,3331,EWR,8,29
WN,3928,EWR,8,14
WN,4209,LGA,8,113
WN,4461,EWR,8,13
YV,2729,LGA,8,-7
9E,3325,JFK,9,18
9E,3350,JFK,9,291
9E,3353,JFK,9,-5
9E,3353,JFK,9,-6
9E,3353,JFK,9,0
9E,3429,JFK,9,-1
9E,3433,JFK,9,-8
9E,3445,LGA,9,-4
9E,3492,JFK,9,14
9E,3493,LGA,9,5
9E,3496,LGA,9,
9E,3497,JFK,9,-2
9E,3629,JFK,9,-11
9E,3769,EWR,9,-8
9E,3816,JFK,9,-4
9E,3899,JFK,9,-3
9E,4065,LGA,9,-9
9E,4127,JFK,9,-16
9E,4127,JFK,9,-4
9E,4191,JFK,9,36
AA,1,JFK,9,124
AA,21,JFK,9,179
AA,45,JFK,9,-7
AA,59,JFK,9,-5
AA,59,JFK,9,-5
AA,67,JFK,9,-1
AA,84,JFK,9,-2
AA,84,JFK,9,4
AA,85,JFK,9,-5
AA,145,JFK,9,-4
AA,177,JFK,9,-6
AA,185,JFK,9,-8
AA,256,JFK,9,-7
AA,291,JFK,9,-4
AA,301,LGA,9,-5
AA,317,LGA,9,0
AA,320,EWR,9,7
AA,327,LGA,9,3
AA,341,LGA,9,-5
AA,343,LGA,9,-4
AA,345,LGA,9,21
AA,359,LGA,9,-3
AA,701,JFK,9,-8
AA,1103,LGA,9,-2
AA,1151,LGA,9,0
AA,1155,LGA,9,0
AA,1156,LGA,9,110
AA,1175,LGA,9,-4
AA,1175,LGA,9,-1
AA,1185,LGA,9,1
AA,1345,JFK,9,-6
AA,1357,JFK,9,-3
AA,1357,JFK,9,-7
AA,1357,JFK,9,-5
AA,1410,LGA,9,-1
AA,1599,LGA,9,-3
AA,1691,EWR,9,-7
AA,1697,JFK,9,2
AA,1786,JFK,9,18
AA,2223,LGA,9,-5
AA,2223,LGA,9,5
AA,2314,JFK,9,-8
AA,2351,JFK,9,-1
AA,2437,LGA,9,1
B6,1,JFK,9,-4
B6,3,JFK,9,-2
B6,15,JFK,9,-1
B6,34,JFK,9,-8
B6,105,JFK,9,-4
B6,108,JFK,9,4
B6,135,JFK,9,32
B6,161,JFK,9,9
B6,163,JFK,9,11
B6,183,JFK,9,-9
B6,199,LGA,9,-7
B6,199,LGA,9,-13
B6,208,JFK,9,-3
B6,283,JFK,9,-3
B6,286,JFK,9,-3
B6,323,JFK,9,-3
B6,325,JFK,9,32
B6,403,JFK,9,-4
B6,403,JFK,9,0
B6,408,JFK,9,-2
B6,423,JFK,9,-6
B6,431,LGA,9,-12
B6,431,LGA,9,-15
B6,483,JFK,9,-5
B6,486,JFK,9,60
B6,499,LGA,9,-6
B6,523,JFK,9,-2
B6,525,JFK,9,-5
B6,575,JFK,9,0
B6,575,JFK,9,-9
B6,586,JFK,9,10
B6,711,JFK,9,-4
B6,795,JFK,9,-6
B6,795,JFK,9,-4
B6,795,JFK,9,-4
B6,905,JFK,9,10
B6,927,EWR,9,-1
B6,929,JFK,9,-8
B6,929,JFK,9,-8
B6,971,LGA,9,-15
B6,1013,JFK,9,-5
B6,1099,LGA,9,-10
B6,1105,JFK,9,-6
B6,1117,LGA,9,30
B6,1171,LGA,9,0
B6,1191,JFK,9,-12
B6,1211,JFK,9,1
B6,1295,JFK,9,125
B6,1307,JFK,9,6
B6,1318,JFK,9,-6
B6,1338,JFK,9,-7
B6,1371,LGA,9,-23
B6,1371,LGA,9,-1
B6,1373,JFK,9,-6
B6,1491,JFK,9,-8
B6,1511,EWR,9,-2
B6,1516,JFK,9,-2
B6,1639,LGA,9,6
B6,1639,LGA,9,1
B6,1783,JFK,9,-5
B6,1816,JFK,9,79
B6,2180,EWR,9,-6
B6,2202,JFK,9,-2
B6,2602,JFK,9,-6
B6,2602,JFK,9,0
B6,2802,JFK,9,-6
DL,17,JFK,9,8
DL,27,JFK,9,-1
DL,83,JFK,9,0
DL,87,JFK,9,-1
DL,87,JFK,9,14
DL,95,JFK,9,87
DL,141,JFK,9,3
DL,221,LGA,9,282
DL,301,JFK,9,-4
DL,347,JFK,9,71
DL,476,LGA,9,-12
DL,476,LGA,9,-6
DL,763,JFK,9,-1
DL,807,EWR,9,-3
DL,947,LGA,9,156
DL,954,LGA,9,-5
DL,954,LGA,9,-3
DL,1163,JFK,9,-2
DL,1164,JFK,9,10
DL,1231,LGA,9,-3
DL,1271,JFK,9,-5
DL,1321,EWR,9,4
DL,1321,EWR,9,-6
DL,1415,JFK,9,-1
DL,1429,JFK,9,-5
DL,1465,JFK,9,-3
DL,1465,JFK,9,10
DL,1529,JFK,9,-2
DL,1619,LGA,9,-5
DL,1619,LGA,9,-7
DL,1629,JFK,9,-5
DL,1647,LGA,9,-4
DL,1768,JFK,9,-4
DL,1773,JFK,9,-7
DL,1779,LGA,9,-5
DL,1779,LGA,9,-4
DL,1819,LGA,9,-4
DL,1847,LGA,9,-3
DL,1854,LGA,9,-5
DL,1854,LGA,9,-7
DL,1919,LGA,9,-3
DL,1919,LGA,9,-5
DL,1942,EWR,9,91
DL,1947,LGA,9,-3
DL,1959,JFK,9,-6
DL,2019,LGA,9,231
DL,2042,EWR,9,-1
DL,2042,EWR,9,2
DL,2043,JFK,9,-6
DL,2047,LGA,9,-5
DL,2057,LGA,9,-6
DL,2065,JFK,9,-3
DL,2119,LGA,9,-12
DL,2131,LGA,9,-4
DL,2139,LGA,9,-4
DL,2159,JFK,9,-2
DL,2181,LGA,9,58
DL,2280,JFK,9,-3
DL,2331,LGA,9,23
DL,2347,LGA,9,-2
DL,2363,JFK,9,-4
DL,2407,JFK,9,-7
DL,2454,JFK,9,15
DL,2457,LGA,9,-5
DL,2459,JFK,9,-6
DL,2471,EWR,9,13
DL,2471,EWR,9,-1
EV,3807,EWR,9,-8
EV,3834,EWR,9,54
EV,3846,EWR,9,-8
EV,3849,EWR,9,-7
EV,3850,EWR,9,13
EV,4085,EWR,9,-4
EV,4087,EWR,9,-7
EV,4122,EWR,9,-3
EV,4131,EWR,9,-3
EV,4141,EWR,9,-2
EV,4144,EWR,9,-4
EV,4152,EWR,9,-8
EV,4152,EWR,9,-4
EV,4155,EWR,9,-10
EV,4166,EWR,9,9
EV,4187,EWR,9,-6
EV,4195,EWR,9,1
EV,4224,EWR,9,-7
EV,4224,EWR,9,-3
EV,4249,EWR,9,-10
EV,4255,EWR,9,18
EV,4304,EWR,9,-7
EV,4312,EWR,9,66
EV,4328,EWR,9,-2
EV,4368,EWR,9,36
EV,4370,EWR,9,-3
EV,4381,EWR,9,-7
EV,4388,EWR,9,-4
EV,4395,EWR,9,-11
EV,4396,EWR,9,-4
EV,4419,EWR,9,-3
EV,4510,EWR,9,1
EV,4510,EWR,9,-7
EV,4537,EWR,9,-8
EV,4543,EWR,9,-5
EV,4552,EWR,9,-5
EV,4628,EWR,9,-4
EV,4638,EWR,9,3
EV,4638,EWR,9,31
EV,4662,EWR,9,12
EV,4691,EWR,9,39
EV,4696,EWR,9,-3
EV,4705,EWR,9,
EV,4705,EWR,9,-7
EV,4711,EWR,9,-7
EV,4864,EWR,9,-10
EV,4961,EWR,9,-7
EV,5038,LGA,9,-11
EV,5067,EWR,9,-6
EV,5085,EWR,9,-9
EV,5091,LGA,9,-4
EV,5109,LGA,9,-9
EV,5148,EWR,9,-6
EV,5199,LGA,9,92
EV,5274,LGA,9,55
EV,5274,LGA,9,-10
EV,5283,LGA,9,-8
EV,5283,LGA,9,11
EV,5293,LGA,9,-6
EV,5298,LGA,9,
EV,5298,LGA,9,-4
EV,5299,LGA,9,-8
EV,5306,LGA,9,-10
EV,5309,LGA,9,-4
EV,5311,LGA,9,0
EV,5327,EWR,9,15
EV,5329,LGA,9,1
EV,5383,LGA,9,-7
EV,5463,LGA,9,4
EV,5483,LGA,9,-8
EV,5615,LGA,9,28
EV,5678,EWR,9,-3
EV,5711,JFK,9,2
EV,5747,LGA,9,1
EV,5795,EWR,9,
EV,5811,EWR,9,-3
EV,5884,EWR,9,-3
EV,6043,EWR,9,8
EV,6062,EWR,9,-2
EV,6068,EWR,9,-9
EV,6101,LGA,9,12
EV,6181,EWR,9,-1
F9,507,LGA,9,-10
F9,837,LGA,9,-10
F9,2002,LGA,9,33
FL,348,LGA,9,16
FL,350,LGA,9,-6
FL,623,LGA,9,5
FL,721,LGA,9,60
MQ,2793,JFK,9,-7
MQ,2815,JFK,9,-8
MQ,2815,JFK,9,10
MQ,2949,JFK,9,-6
MQ,3044,JFK,9,16
MQ,3044,JFK,9,
MQ,3044,JFK,9,-3
MQ,3052,JFK,9,-5
MQ,3070,JFK,9,-2
MQ,3199,LGA,9,10
MQ,3357,LGA,9,176
MQ,3363,JFK,9,-6
MQ,3404,LGA,9,15
MQ,3407,LGA,9,-6
MQ,3419,LGA,9,-15
MQ,3419,LGA,9,-9
MQ,3493,LGA,9,-3
MQ,3535,JFK,9,71
MQ,3547,LGA,9,1
MQ,3550,LGA,9,0
MQ,3550,LGA,9,-4
MQ,3573,LGA,9,7
MQ,3599,LGA,9,-6
MQ,3603,LGA,9,5
MQ,3670,LGA,9,-4
MQ,3709,EWR,9,2
MQ,3748,EWR,9,-4
UA,203,EWR,9,-6
UA,208,EWR,9,225
UA,222,EWR,9,-6
UA,251,EWR,9,114
UA,261,LGA,9,12
UA,261,LGA,9,-8
UA,278,EWR,9,-4
UA,279,EWR,9,-2
UA,331,LGA,9,-1
UA,347,JFK,9,8
UA,350,EWR,9,-6
UA,375,EWR,9,-2
UA,394,EWR,9,2
UA,404,EWR,9,-4
UA,412,EWR,9,-2
UA,424,EWR,9,-5
UA,446,EWR,9,5
UA,447,EWR,9,-9
UA,471,EWR,9,69
UA,478,EWR,9,-6
UA,482,EWR,9,80
UA,482,EWR,9,-6
UA,482,EWR,9,-5
UA,501,LGA,9,-9
UA,504,EWR,9,28
UA,512,JFK,9,-5
UA,527,EWR,9,26
UA,527,EWR,9,-2
UA,544,LGA,9,-8
UA,568,EWR,9,-1
UA,587,EWR,9,-4
UA,589,EWR,9,-6
UA,635,EWR,9,-10
UA,642,JFK,9,-8
UA,681,LGA,9,-3
UA,685,LGA,9,
UA,691,LGA,9,-3
UA,693,LGA,9,58
UA,731,JFK,9,25
UA,745,LGA,9,-2
UA,766,JFK,9,-3
UA,797,JFK,9,-5
UA,833,EWR,9,-9
UA,841,JFK,9,10
UA,1064,EWR,9,-5
UA,1078,EWR,9,-6
UA,1128,LGA,9,67
UA,1158,EWR,9,-7
UA,1162,EWR,9,0
UA,1177,EWR,9,-1
UA,1177,EWR,9,-6
UA,1199,EWR,9,-4
UA,1205,EWR,9,3
UA,1270,EWR,9,8
UA,1280,LGA,9,0
UA,1416,EWR,9,-3
UA,1444,EWR,9,4
UA,1496,EWR,9,-6
UA,1519,EWR,9,-6
UA,1519,EWR,9,6
UA,1526,EWR,9,-4
UA,1554,EWR,9,1
UA,1581,EWR,9,-7
UA,1583,EWR,9,-1
UA,1591,EWR,9,16
UA,1600,EWR,9,-1
UA,1605,EWR,9,2
UA,1615,EWR,9,-10
UA,1625,EWR,9,-3
UA,1643,EWR,9,-6
UA,1668,EWR,9,-3
UA,1680,EWR,9,-1
UA,1680,EWR,9,17
UA,1695,EWR,9,23
US,409,EWR,9,-10
US,604,EWR,9,-6
US,623,JFK,9,24
US,629,JFK,9,27
US,687,EWR,9,27
US,802,EWR,9,-4
US,891,LGA,9,-5
US,1772,JFK,9,-8
US,1831,EWR,9,-6
US,1877,EWR,9,-7
US,2023,EWR,9,-6
US,2071,LGA,9,-4
US,2085,LGA,9,-1
US,2095,EWR,9,-3
US,2136,LGA,9,
US,2140,LGA,9,-8
US,2142,LGA,9,-9
US,2144,LGA,9,0
US,2144,LGA,9,-12
US,2148,LGA,9,-8
US,2150,LGA,9,-3
US,2154,LGA,9,-3
US,2156,LGA,9,-7
US,2158,LGA,9,17
US,2162,LGA,9,-8
US,2162,LGA,9,-9
US,2169,LGA,9,-2
US,2183,LGA,9,
US,2189,LGA,9,-6
US,2193,LGA,9,-10
US,2193,LGA,9,
US,2197,LGA,9,-8
VX,29,JFK,9,8
VX,29,JFK,9,-2
VX,169,EWR,9,-1
VX,411,JFK,9,126
WN,51,LGA,9,-5
WN,201,EWR,9,-8
WN,295,EWR,9,-3
WN,318,EWR,9,0
WN,453,LGA,9,-1
WN,465,LGA,9,23
WN,465,LGA,9,0
WN,565,EWR,9,0
WN,1873,EWR,9,26
WN,1873,EWR,9,66
WN,3928,EWR,9,56
WN,4453,LGA,9,-5
WN,4461,EWR,9,-5
9E,3310,JFK,10,-1
9E,3318,JFK,10,-7
9E,3318,JFK,10,-8
9E,3318,JFK,10,25
9E,3326,JFK,10,-5
9E,3327,JFK,10,-4
9E,3347,JFK,10,-6
9E,3357,LGA,10,15
9E,3433,JFK,10,-5
9E,3489,LGA,10,7
9E,3492,JFK,10,89
9E,3492,JFK,10,-7
9E,3507,JFK,10,-9
9E,3523,JFK,10,0
9E,3523,JFK,10,-3
9E,3611,JFK,10,-6
9E,3854,LGA,10,-9
9E,3854,LGA,10,-5
9E,3885,JFK,10,-8
AA,1,JFK,10,-4
AA,3,JFK,10,-8
AA,85,JFK,10,1
AA,95,JFK,10,18
AA,117,JFK,10,-4
AA,172,EWR,10,-6
AA,178,JFK,10,82
AA,235,JFK,10,0
AA,300,EWR,10,
AA,301,LGA,10,-1
AA,301,LGA,10,-4
AA,303,LGA,10,-3
AA,305,LGA,10,-8
AA,307,LGA,10,-2
AA,307,LGA,10,-7
AA,317,LGA,10,1
AA,325,LGA,10,-10
AA,331,LGA,10,13
AA,337,LGA,10,-6
AA,353,LGA,10,19
AA,363,LGA,10,28
AA,371,LGA,10,14
AA,1030,LGA,10,-6
AA,1030,LGA,10,-5
AA,1073,LGA,10,-2
AA,1103,LGA,10,2
AA,1111,LGA,10,-6
AA,1121,LGA,10,-10
AA,1151,LGA,10,-6
AA,1170,LGA,10,-8
AA,1205,EWR,10,-5
AA,1205,EWR,10,-2
AA,1256,LGA,10,-1
AA,1256,LGA,10,0
AA,1263,JFK,10,6
AA,1345,JFK,10,0
AA,1357,JFK,10,-4
AA,1611,LGA,10,-11
AA,1611,LGA,10,-5
AA,2243,JFK,10,-6
AA,2285,JFK,10,-6
AA,2493,JFK,10,-4
B6,3,JFK,10,-5
B6,3,JFK,10,-6
B6,15,JFK,10,-6
B6,15,JFK,10,-5
B6,23,JFK,10,-4
B6,27,EWR,10,-3
B6,118,JFK,10,-3
B6,127,EWR,10,-4
B6,163,JFK,10,194
B6,167,JFK,10,-2
B6,167,JFK,10,-2
B6,183,JFK,10,-3
B6,189,JFK,10,-5
B6,199,LGA,10,-2
B6,201,JFK,10,-2
B6,219,JFK,10,-5
B6,234,JFK,10,-7
B6,234,JFK,10,-1
B6,281,JFK,10,-4
B6,305,EWR,10,1
B6,305,EWR,10,20
B6,308,JFK,10,-9
B6,308,JFK,10,-9
B6,316,JFK,10,-5
B6,316,JFK,10,-7
B6,325,JFK,10,-2
B6,415,JFK,10,-3
B6,431,LGA,10,-17
B6,486,JFK,10,-1
B6,499,LGA,10,-5
B6,518,JFK,10,-2
B6,518,JFK,10,3
B6,525,JFK,10,-10
B6,527,EWR,10,21
B6,543,EWR,10,212
B6,586,JFK,10,7
B6,718,JFK,10,-5
B6,885,JFK,10,-1
B6,918,JFK,10,2
B6,1103,JFK,10,-1
B6,1129,JFK,10,10
B6,1171,LGA,10,108
B6,1185,JFK,10,8
B6,1205,JFK,10,-5
B6,1273,JFK,10,-5
B6,1273,JFK,10,-3
B6,1307,JFK,10,19
B6,1318,JFK,10,36
B6,1371,LGA,10,-2
B6,1386,JFK,10,-6
B6,1401,JFK,10,-8
B6,1403,JFK,10,-7
B6,1634,JFK,10,-4
B6,1677,JFK,10,7
B6,1729,JFK,10,-6
B6,2280,EWR,10,-10
B6,2280,EWR,10,0
B6,2480,EWR,10,-4
B6,2802,JFK,10,-4
DL,31,JFK,10,-2
DL,83,JFK,10,-3
DL,83,JFK,10,-3
DL,120,JFK,10,-4
DL,141,JFK,10,-1
DL,183,JFK,10,-7
DL,269,JFK,10,-2
DL,347,JFK,10,-3
DL,347,JFK,10,5
DL,432,JFK,10,-8
DL,443,JFK,10,8
DL,502,EWR,10,-6
DL,563,LGA,10,-6
DL,695,JFK,10,-7
DL,831,LGA,10,-6
DL,843,JFK,10,-1
DL,843,JFK,10,23
DL,914,LGA,10,-4
DL,926,EWR,10,-1
DL,1109,LGA,10,-2
DL,1157,EWR,10,-7
DL,1167,JFK,10,-1
DL,1271,JFK,10,-5
DL,1275,JFK,10,-7
DL,1275,JFK,10,-1
DL,1321,EWR,10,-4
DL,1415,JFK,10,-5
DL,1435,LGA,10,0
DL,1499,LGA,10,41
DL,1499,LGA,10,-7
DL,1499,LGA,10,-5
DL,1529,JFK,10,-5
DL,1543,JFK,10,46
DL,1543,JFK,10,4
DL,1585,LGA,10,-7
DL,1629,JFK,10,-7
DL,1798,EWR,10,34
DL,1843,JFK,10,-3
DL,1854,LGA,10,9
DL,1935,LGA,10,57
DL,1935,LGA,10,-4
DL,1947,LGA,10,8
DL,2002,JFK,10,-6
DL,2019,LGA,10,-7
DL,2019,LGA,10,1
DL,2119,LGA,10,-4
DL,2139,LGA,10,-7
DL,2139,LGA,10,106
DL,2181,LGA,10,68
DL,2247,LGA,10,-7
DL,2331,LGA,10,-5
DL,2347,LGA,10,-4
DL,2431,JFK,10,-5
DL,2431,JFK,10,-6
DL,2443,JFK,10,-2
DL,2451,JFK,10,-6
DL,2452,LGA,10,-6
DL,2454,JFK,10,6
EV,3810,EWR,10,-6
EV,3812,EWR,10,-9
EV,3813,EWR,10,0
EV,3822,EWR,10,-3
EV,3843,EWR,10,-2
EV,3848,EWR,10,-4
EV,3849,EWR,10,41
EV,4100,EWR,10,-5
EV,4133,EWR,10,
EV,4150,EWR,10,-2
EV,4150,EWR,10,-9
EV,4166,EWR,10,45
EV,4166,EWR,10,-7
EV,4181,EWR,10,112
EV,4193,EWR,10,4
EV,4201,EWR,10,2
EV,4202,EWR,10,2
EV,4240,EWR,10,65
EV,4249,EWR,10,42
EV,4255,EWR,10,-4
EV,4312,EWR,10,-4
EV,4315,EWR,10,-3
EV,4321,EWR,10,168
EV,4326,EWR,10,-2
EV,4333,EWR,10,-2
EV,4352,EWR,10,44
EV,4368,EWR,10,13
EV,4377,EWR,10,-5
EV,4380,EWR,10,-7
EV,4411,EWR,10,23
EV,4412,EWR,10,-8
EV,4419,EWR,10,-3
EV,4422,EWR,10,-3
EV,4445,EWR,10,-7
EV,4471,EWR,10,42
EV,4567,EWR,10,-5
EV,4576,EWR,10,70
EV,4638,EWR,10,12
EV,4682,EWR,10,19
EV,4687,EWR,10,2
EV,4691,EWR,10,-7
EV,4695,EWR,10,22
EV,4866,EWR,10,-9
EV,4885,LGA,10,-5
EV,5109,LGA,10,-4
EV,5181,LGA,10,-7
EV,5181,LGA,10,-7
EV,5195,LGA,10,-17
EV,5199,LGA,10,18
EV,5209,LGA,10,-6
EV,5209,LGA,10,-6
EV,5222,EWR,10,-3
EV,5222,EWR,10,23
EV,5273,LGA,10,-6
EV,5286,LGA,10,-10
EV,5311,LGA,10,-10
EV,5370,EWR,10,34
EV,5373,LGA,10,-6
EV,5373,LGA,10,11
EV,5383,LGA,10,245
EV,5712,JFK,10,-8
EV,5714,JFK,10,-4
EV,5736,LGA,10,189
EV,5747,LGA,10,-5
EV,5811,EWR,10,40
EV,5811,EWR,10,-5
EV,5813,EWR,10,1
EV,5815,EWR,10,-6
FL,349,LGA,10,7
FL,623,LGA,10,34
MQ,3044,JFK,10,-7
MQ,3052,JFK,10,-4
MQ,3134,EWR,10,-3
MQ,3199,LGA,10,22
MQ,3202,JFK,10,-3
MQ,3301,LGA,10,-4
MQ,3359,JFK,10,-4
MQ,3361,JFK,10,-7
MQ,3374,JFK,10,-8
MQ,3374,JFK,10,56
MQ,3384,LGA,10,-7
MQ,3411,LGA,10,-9
MQ,3411,LGA,10,-12
MQ,3416,LGA,10,-6
MQ,3466,LGA,10,-4
MQ,3466,LGA,10,13
MQ,3526,LGA,10,2
MQ,3526,LGA,10,-2
MQ,3526,LGA,10,-7
MQ,3547,LGA,10,-6
MQ,3556,LGA,10,37
MQ,3565,LGA,10,12
MQ,3603,LGA,10,-8
MQ,3603,LGA,10,-2
MQ,3611,EWR,10,-5
MQ,3621,JFK,10,111
MQ,3621,JFK,10,-5
MQ,3622,LGA,10,-2
MQ,3644,LGA,10,-7
MQ,3663,JFK,10,144
MQ,3670,LGA,10,0
MQ,3670,LGA,10,-6
MQ,3674,LGA,10,-8
MQ,3676,LGA,10,-8
MQ,3689,LGA,10,-6
MQ,3713,LGA,10,-6
UA,15,EWR,10,12
UA,245,EWR,10,-2
UA,246,EWR,10,-10
UA,257,JFK,10,135
UA,269,LGA,10,-3
UA,269,LGA,10,38
UA,327,EWR,10,-10
UA,331,LGA,10,-3
UA,371,EWR,10,0
UA,375,EWR,10,-1
UA,389,JFK,10,6
UA,389,JFK,10,3
UA,401,EWR,10,-3
UA,404,EWR,10,111
UA,418,EWR,10,-4
UA,434,EWR,10,-5
UA,472,EWR,10,-1
UA,478,EWR,10,-6
UA,482,EWR,10,-2
UA,511,EWR,10,-3
UA,527,EWR,10,-7
UA,537,EWR,10,-6
UA,537,EWR,10,-10
UA,587,EWR,10,5
UA,587,EWR,10,18
UA,598,EWR,10,9
UA,635,EWR,10,0
UA,643,EWR,10,-8
UA,685,LGA,10,-2
UA,693,LGA,10,-7
UA,708,EWR,10,-6
UA,841,JFK,10,-1
UA,994,EWR,10,-8
UA,1010,LGA,10,4
UA,1022,EWR,10,4
UA,1022,EWR,10,4
UA,1030,EWR,10,0
UA,1049,EWR,10,8
UA,1060,LGA,10,30
UA,1075,EWR,10,-2
UA,1109,EWR,10,7
UA,1127,EWR,10,-2
UA,1224,EWR,10,2
UA,1232,EWR,10,-1
UA,1232,EWR,10,3
UA,1263,LGA,10,-6
UA,1296,EWR,10,4
UA,1401,EWR,10,-6
UA,1429,EWR,10,0
UA,1454,LGA,10,33
UA,1479,EWR,10,-6
UA,1492,EWR,10,2
UA,1493,EWR,10,-3
UA,1528,EWR,10,72
UA,1528,EWR,10,45
UA,1548,EWR,10,-9
UA,1554,EWR,10,5
UA,1686,EWR,10,-5
UA,1686,EWR,10,2
UA,1686,EWR,10,4
UA,1692,EWR,10,-5
US,495,JFK,10,38
US,686,EWR,10,14
US,707,LGA,10,1
US,1733,LGA,10,-2
US,1772,JFK,10,-7
US,1831,JFK,10,9
US,1831,JFK,10,-4
US,1995,LGA,10,-5
US,2071,LGA,10,-7
US,2083,LGA,10,-1
US,2085,LGA,10,-7
US,2088,LGA,10,-7
US,2140,LGA,10,-7
US,2146,LGA,10,-10
US,2152,LGA,10,-8
US,2160,LGA,10,-7
US,2164,LGA,10,
US,2171,LGA,10,-7
US,2177,LGA,10,-1
US,2183,LGA,10,-8
US,2183,LGA,10,-6
US,2187,LGA,10,-8
US,2197,LGA,10,-5
VX,23,JFK,10,-4
VX,29,JFK,10,4
VX,169,EWR,10,-3
VX,399,JFK,10,-1
VX,411,JFK,10,-2
VX,415,JFK,10,-1
WN,16,EWR,10,-5
WN,209,LGA,10,-4
WN,264,LGA,10,-5
WN,292,EWR,10,91
WN,453,LGA,10,-2
WN,453,LGA,10,17
WN,453,LGA,10,-3
WN,1113,LGA,10,7
WN,3330,EWR,10,10
WN,3580,EWR,10,76
WN,3937,EWR,10,1
YV,3771,LGA,10,-10
YV,3771,LGA,10,-9
9E,2909,JFK,11,-3
9E,2914,JFK,11,0
9E,2916,JFK,11,8
9E,2919,JFK,11,0
9E,2926,JFK,11,-6
9E,2928,JFK,11,-7
9E,2932,JFK,11,16
9E,2950,JFK,11,103
9E,3342,EWR,11,-3
9E,3367,LGA,11,-6
9E,3371,LGA,11,-7
9E,3373,EWR,11,-7
9E,3373,LGA,11,-6
9E,3445,LGA,11,20
9E,3445,LGA,11,-6
9E,3445,LGA,11,-7
9E,3512,LGA,11,-6
9E,3513,LGA,11,27
9E,3533,LGA,11,-3
9E,3726,LGA,11,-9
9E,3769,EWR,11,-6
9E,3932,EWR,11,-9
9E,3992,LGA,11,-7
9E,4065,LGA,11,-10
9E,4177,EWR,11,-9
AA,29,LGA,11,-6
AA,65,JFK,11,-4
AA,65,JFK,11,-2
AA,84,JFK,11,3
AA,119,EWR,11,-8
AA,178,JFK,11,-2
AA,185,JFK,11,0
AA,199,JFK,11,-1
AA,235,JFK,11,-2
AA,291,JFK,11,4
AA,300,EWR,11,6
AA,317,LGA,11,-9
AA,325,LGA,11,-4
AA,325,LGA,11,-13
AA,327,LGA,11,-10
AA,327,LGA,11,14
AA,327,LGA,11,-2
AA,341,LGA,11,-4
AA,345,LGA,11,-2
AA,353,LGA,11,-4
AA,359,LGA,11,-4
AA,1111,LGA,11,0
AA,1121,LGA,11,-3
AA,1151,LGA,11,-2
AA,1155,LGA,11,-7
AA,1160,LGA,11,-1
AA,1170,LGA,11,-5
AA,1170,LGA,11,-2
AA,1175,LGA,11,-2
AA,1205,EWR,11,-1
AA,1205,EWR,11,-5
AA,1223,EWR,11,-4
AA,1345,JFK,11,-5
AA,1357,JFK,11,-5
AA,1499,JFK,11,-3
AA,1499,JFK,11,12
AA,1611,LGA,11,24
AA,2243,JFK,11,4
AA,2285,JFK,11,-6
AA,2285,JFK,11,5
AA,2335,LGA,11,-6
B6,3,JFK,11,-4
B6,5,EWR,11,-3
B6,15,JFK,11,-3
B6,27,EWR,11,-8
B6,65,JFK,11,-8
B6,89,JFK,11,70
B6,108,JFK,11,-6
B6,116,JFK,11,0
B6,116,JFK,11,55
B6,118,JFK,11,-4
B6,153,JFK,11,0
B6,153,JFK,11,-5
B6,208,JFK,11,-3
B6,213,JFK,11,39
B6,213,JFK,11,-4
B6,219,JFK,11,-5
B6,225,JFK,11,24
B6,225,JFK,11,-5
B6,229,JFK,11,12
B6,234,JFK,11,-4
B6,271,LGA,11,-5
B6,283,JFK,11,1
B6,305,EWR,11,-8
B6,323,JFK,11,-1
B6,327,EWR,11,7
B6,327,EWR,11,3
B6,411,JFK,11,-6
B6,423,JFK,11,7
B6,425,JFK,11,-3
B6,461,LGA,11,-3
B6,477,JFK,11,-3
B6,483,JFK,11,8
B6,518,JFK,11,-4
B6,525,JFK,11,10
B6,543,EWR,11,0
B6,561,LGA,11,-2
B6,583,JFK,11,-8
B6,586,JFK,11,-6
B6,675,JFK,11,-9
B6,675,JFK,11,-3
B6,705,EWR,11,11
B6,775,JFK,11,-6
B6,775,JFK,11,-3
B6,795,JFK,11,-6
B6,883,JFK,11,-3
B6,901,JFK,11,
B6,905,JFK,11,1
B6,915,JFK,11,-4
B6,925,JFK,11,-1
B6,929,JFK,11,-7
B6,971,LGA,11,-8
B6,1117,LGA,11,-12
B6,1117,LGA,11,-7
B6,1295,JFK,11,33
B6,1307,JFK,11,-6
B6,1318,JFK,11,0
B6,1407,JFK,11,191
B6,1511,EWR,11,-10
B6,1639,LGA,11,26
B6,1701,JFK,11,-5
B6,1717,LGA,11,-7
B6,1729,JFK,11,-6
B6,1734,JFK,11,-2
B6,1783,JFK,11,-3
B6,1883,JFK,11,-13
B6,2180,EWR,11,-5
B6,2202,JFK,11,19
B6,2280,EWR,11,-14
B6,2280,EWR,11,-1
B6,2702,JFK,11,-3
DL,183,JFK,11,1
DL,315,JFK,11,0
DL,347,JFK,11,-2
DL,422,JFK,11,-5
DL,426,JFK,11,-3
DL,427,JFK,11,9
DL,430,JFK,11,17
DL,432,JFK,11,-9
DL,432,JFK,11,-2
DL,467,JFK,11,-4
DL,469,JFK,11,0
DL,469,JFK,11,-7
DL,575,EWR,11,-10
DL,673,EWR,11,42
DL,695,JFK,11,-6
DL,706,JFK,11,-7
DL,831,LGA,11,-6
DL,831,LGA,11,-3
DL,857,JFK,11,-6
DL,926,EWR,11,35
DL,985,JFK,11,-4
DL,1091,JFK,11,-7
DL,1147,LGA,11,28
DL,1271,JFK,11,-3
DL,1373,JFK,11,15
DL,1394,JFK,11,-4
DL,1415,JFK,11,-1
DL,1429,JFK,11,-2
DL,1473,LGA,11,-9
DL,1473,LGA,11,-4
DL,1485,LGA,11,0
DL,1518,EWR,11,86
DL,1518,EWR,11,18
DL,1529,JFK,11,-5
DL,1529,JFK,11,-6
DL,1547,LGA,11,-5
DL,1585,LGA,11,22
DL,1629,JFK,11,-1
DL,1715,LGA,11,-8
DL,1729,JFK,11,6
DL,1729,JFK,11,-3
DL,1773,JFK,11,18
DL,1779,LGA,11,-1
DL,1819,LGA,11,-4
DL,1819,LGA,11,-3
DL,1869,LGA,11,-6
DL,1875,LGA,11,-8
DL,1879,LGA,11,-6
DL,1879,LGA,11,-10
DL,1879,LGA,11,-9
DL,1879,LGA,11,-6
DL,1885,LGA,11,-7
DL,1919,LGA,11,-7
DL,2047,LGA,11,-5
DL,2065,JFK,11,16
DL,2098,LGA,11,-3
DL,2119,LGA,11,-7
DL,2119,LGA,11,-2
DL,2119,LGA,11,-4
DL,2159,JFK,11,-2
DL,2159,JFK,11,-5
DL,2181,LGA,11,-4
DL,2190,JFK,11,-1
DL,2190,JFK,11,-3
DL,2231,LGA,11,-8
DL,2247,LGA,11,-7
DL,2331,LGA,11,-4
DL,2347,LGA,11,6
DL,2506,LGA,11,-6
DL,2506,LGA,11,-2
EV,3806,EWR,11,-9
EV,3806,EWR,11,-1
EV,3810,LGA,11,70
EV,3845,EWR,11,
EV,3845,EWR,11,31
EV,4100,EWR,11,-2
EV,4104,EWR,11,37
EV,4119,EWR,11,-4
EV,4122,EWR,11,-2
EV,4155,EWR,11,-5
EV,4166,EWR,11,-7
EV,4166,EWR,11,-1
EV,4181,EWR,11,-6
EV,4204,EWR,11,-2
EV,4328,EWR,11,145
EV,4328,EWR,11,59
EV,4328,EWR,11,1
EV,4333,EWR,11,-4
EV,4352,EWR,11,23
EV,4368,EWR,11,-6
EV,4370,EWR,11,-2
EV,4380,EWR,11,-2
EV,4380,EWR,11,-9
EV,4395,EWR,11,-11
EV,4434,EWR,11,-7
EV,4536,EWR,11,-7
EV,4548,EWR,11,-8
EV,4552,EWR,11,-6
EV,4625,EWR,11,-5
EV,4633,EWR,11,6
EV,4667,EWR,11,44
EV,4691,EWR,11,13
EV,4705,EWR,11,2
EV,4880,LGA,11,-2
EV,4885,LGA,11,0
EV,4935,LGA,11,-7
EV,5048,LGA,11,-9
EV,5133,EWR,11,-5
EV,5133,EWR,11,-9
EV,5149,LGA,11,0
EV,5222,EWR,11,-4
EV,5268,LGA,11,-6
EV,5298,LGA,11,11
EV,5327,EWR,11,-2
EV,5383,LGA,11,-10
EV,5451,LGA,11,36
EV,5455,LGA,11,-6
EV,5540,LGA,11,-10
EV,5601,LGA,11,-2
EV,5601,LGA,11,-10
EV,5714,JFK,11,-5
EV,5736,LGA,11,-10
EV,5796,EWR,11,-9
EV,5813,EWR,11,-5
EV,5956,LGA,11,1
EV,6049,EWR,11,2
EV,6177,EWR,11,-7
FL,63,LGA,11,-1
FL,400,LGA,11,28
FL,1070,LGA,11,-5
MQ,2815,JFK,11,-1
MQ,2949,JFK,11,-7
MQ,2949,JFK,11,-6
MQ,2949,JFK,11,15
MQ,3066,JFK,11,-1
MQ,3199,LGA,11,-5
MQ,3216,JFK,11,-7
MQ,3230,JFK,11,
MQ,3230,JFK,11,-4
MQ,3272,LGA,11,-1
MQ,3357,LGA,11,42
MQ,3359,JFK,11,-4
MQ,3416,LGA,11,-9
MQ,3478,LGA,11,-9
MQ,3478,LGA,11,0
MQ,3478,LGA,11,-7
MQ,3493,LGA,11,0
MQ,3550,LGA,11,-7
MQ,3591,LGA,11,-8
MQ,3599,LGA,11,-6
MQ,3621,JFK,11,-7
MQ,3660,LGA,11,118
MQ,3670,LGA,11,1
MQ,3674,LGA,11,67
MQ,3674,LGA,11,31
MQ,3674,LGA,11,-8
MQ,3675,LGA,11,-6
MQ,3675,LGA,11,-5
OO,4967,LGA,11,1
UA,203,EWR,11,-5
UA,257,JFK,11,-3
UA,257,JFK,11,-4
UA,325,EWR,11,-2
UA,331,LGA,11,-12
UA,332,EWR,11,-4
UA,352,EWR,11,32
UA,360,EWR,11,23
UA,389,JFK,11,49
UA,394,EWR,11,1
UA,394,EWR,11,0
UA,399,EWR,11,22
UA,401,EWR,11,-7
UA,443,JFK,11,-2
UA,450,EWR,11,8
UA,504,JFK,11,3
UA,512,JFK,11,-5
UA,551,EWR,11,-4
UA,577,EWR,11,87
UA,587,EWR,11,253
UA,587,EWR,11,0
UA,591,EWR,11,56
UA,594,EWR,11,-2
UA,596,EWR,11,-6
UA,642,JFK,11,0
UA,643,EWR,11,-3
UA,685,LGA,11,-2
UA,698,EWR,11,-1
UA,711,LGA,11,-9
UA,785,EWR,11,-6
UA,821,EWR,11,0
UA,841,JFK,11,3
UA,841,JFK,11,-6
UA,841,JFK,11,-4
UA,994,EWR,11,-4
UA,998,EWR,11,-3
UA,998,EWR,11,3
UA,1022,EWR,11,1
UA,1022,EWR,11,-2
UA,1022,EWR,11,2
UA,1109,EWR,11,6
UA,1110,EWR,11,-1
UA,1115,EWR,11,89
UA,1115,EWR,11,-7
UA,1122,EWR,11,5
UA,1134,EWR,11,-3
UA,1143,EWR,11,1
UA,1165,EWR,11,11
UA,1178,EWR,11,-2
UA,1199,EWR,11,2
UA,1205,EWR,11,-4
UA,1212,EWR,11,10
UA,1245,EWR,11,-3
UA,1246,EWR,11,138
UA,1409,EWR,11,-5
UA,1416,EWR,11,-5
UA,1454,LGA,11,-2
UA,1456,LGA,11,42
UA,1456,LGA,11,-2
UA,1466,EWR,11,56
UA,1498,LGA,11,3
UA,1515,LGA,11,2
UA,1526,EWR,11,28
UA,1554,EWR,11,29
UA,1592,EWR,11,-2
UA,1617,LGA,11,10
UA,1637,EWR,11,-5
UA,1641,EWR,11,-3
UA,1711,EWR,11,-2
UA,1711,EWR,11,-2
US,495,JFK,11,-1
US,516,EWR,11,2
US,604,EWR,11,4
US,679,JFK,11,2
US,795,LGA,11,-8
US,802,EWR,11,-4
US,894,LGA,11,-4
US,1751,EWR,11,-5
US,1751,EWR,11,-6
US,1775,LGA,11,-6
US,1899,JFK,11,32
US,1909,LGA,11,-10
US,2017,LGA,11,-1
US,2052,EWR,11,-4
US,2052,EWR,11,-7
US,2071,LGA,11,-8
US,2085,LGA,11,-7
US,2142,LGA,11,-9
US,2144,LGA,11,5
US,2144,LGA,11,
US,2154,LGA,11,-8
US,2160,LGA,11,-4
US,2164,LGA,11,-9
US,2169,LGA,11,-3
US,2173,LGA,11,-6
US,2175,LGA,11,-11
US,2181,LGA,11,-9
US,2181,LGA,11,-6
US,2187,LGA,11,-9
US,2193,LGA,11,38
US,2193,LGA,11,44
US,2193,LGA,11,-9
VX,11,JFK,11,2
VX,27,JFK,11,32
VX,169,EWR,11,20
VX,183,EWR,11,-8
VX,399,JFK,11,-9
VX,413,JFK,11,-5
VX,413,JFK,11,73
VX,415,JFK,11,-5
WN,16,EWR,11,-3
WN,144,LGA,11,-2
WN,212,EWR,11,0
WN,421,EWR,11,-1
WN,516,EWR,11,12
WN,876,LGA,11,-2
WN,1098,LGA,11,46
WN,1265,EWR,11,-6
WN,1341,LGA,11,-2
WN,1658,EWR,11,-5
WN,1706,EWR,11,1
WN,1880,LGA,11,11
WN,2158,LGA,11,-1
WN,2166,EWR,11,-5
WN,2571,LGA,11,-5
WN,2573,LGA,11,-2
WN,2606,LGA,11,-2
WN,2960,LGA,11,18
WN,3085,EWR,11,-3
WN,3494,EWR,11,65
WN,3494,EWR,11,-1
WN,3566,LGA,11,6
WN,3566,LGA,11,-3
9E,2900,JFK,12,9
9E,2901,JFK,12,-6
9E,2901,JFK,12,4
9E,2902,JFK,12,21
9E,2910,JFK,12,21
9E,2911,JFK,12,-4
9E,2913,JFK,12,59
9E,2914,JFK,12,-8
9E,2917,JFK,12,25
9E,2921,JFK,12,1
9E,2935,JFK,12,-11
9E,2937,JFK,12,56
9E,3340,LGA,12,-3
9E,3445,LGA,12,33
9E,3513,LGA,12,0
9E,3513,LGA,12,21
9E,3932,EWR,12,17
9E,3955,LGA,12,-5
9E,4214,LGA,12,-1
AA,3,JFK,12,-5
AA,21,JFK,12,2
AA,29,LGA,12,62
AA,29,LGA,12,-13
AA,45,JFK,12,2
AA,67,JFK,12,3
AA,67,JFK,12,-1
AA,84,JFK,12,0
AA,117,JFK,12,242
AA,145,JFK,12,24
AA,172,EWR,12,-4
AA,177,JFK,12,5
AA,181,JFK,12,-4
AA,211,JFK,12,18
AA,235,JFK,12,-6
AA,256,JFK,12,17
AA,256,JFK,12,-2
AA,291,JFK,12,
AA,291,JFK,12,-1
AA,301,LGA,12,-4
AA,301,LGA,12,-6
AA,307,LGA,12,-3
AA,345,LGA,12,
AA,371,LGA,12,21
AA,388,LGA,12,21
AA,1103,LGA,12,
AA,1107,LGA,12,-7
AA,1131,LGA,12,-5
AA,1131,LGA,12,-4
AA,1143,LGA,12,-4
AA,1145,LGA,12,9
AA,1155,LGA,12,20
AA,1155,LGA,12,0
AA,1156,LGA,12,-2
AA,1185,LGA,12,
AA,1193,LGA,12,61
AA,1223,EWR,12,-5
AA,1599,LGA,12,34
AA,1599,LGA,12,-3
AA,2243,JFK,12,-1
AA,2243,JFK,12,-1
AA,2335,LGA,12,-1
AA,2335,LGA,12,-7
AA,2437,LGA,12,660
AA,2488,EWR,12,-2
AA,2493,JFK,12,-2
AS,5,EWR,12,44
AS,15,EWR,12,8
B6,27,EWR,12,
B6,65,JFK,12,43
B6,83,JFK,12,3
B6,97,JFK,12,116
B6,97,JFK,12,-6
B6,103,JFK,12,2
B6,103,JFK,12,-3
B6,163,JFK,12,-1
B6,183,JFK,12,0
B6,189,JFK,12,3
B6,201,JFK,12,55
B6,229,JFK,12,
B6,234,JFK,12,
B6,299,LGA,12,
B6,327,EWR,12,-4
B6,359,JFK,12,-1
B6,383,JFK,12,34
B6,418,JFK,12,10
B6,453,JFK,12,-5
B6,499,LGA,12,34
B6,523,JFK,12,-3
B6,523,JFK,12,-1
B6,527,EWR,12,145
B6,553,JFK,12,74
B6,561,LGA,12,-15
B6,586,JFK,12,-4
B6,623,JFK,12,72
B6,675,JFK,12,-8
B6,683,JFK,12,-4
B6,683,JFK,12,-5
B6,703,JFK,12,30
B6,705,EWR,12,34
B6,711,JFK,12,15
B6,753,JFK,12,-1
B6,803,JFK,12,-1
B6,905,JFK,12,113
B6,918,JFK,12,37
B6,918,JFK,12,10
B6,929,JFK,12,3
B6,939,JFK,12,-1
B6,1013,JFK,12,-3
B6,1013,JFK,12,-5
B6,1099,LGA,12,-2
B6,1099,LGA,12,-10
B6,1099,LGA,12,-6
B6,1171,LGA,12,15
B6,1185,JFK,12,0
B6,1205,JFK,12,20
B6,1271,LGA,12,44
B6,1273,JFK,12,16
B6,1273,JFK,12,32
B6,1307,JFK,12,2
B6,1318,JFK,12,87
B6,1318,JFK,12,1
B6,1371,LGA,12,54
B6,1373,JFK,12,-2
B6,1503,JFK,12,-7
B6,1503,JFK,12,1
B6,1677,JFK,12,29
B6,1734,JFK,12,-2
B6,1734,JFK,12,81
B6,1783,JFK,12,-5
B6,1801,JFK,12,16
B6,1816,JFK,12,-5
B6,1843,EWR,12,5
B6,2202,JFK,12,22
B6,2202,JFK,12,25
B6,2280,EWR,12,-6
B6,2402,JFK,12,-7
DL,181,LGA,12,36
DL,309,EWR,12,-1
DL,325,LGA,12,-1
DL,347,JFK,12,-4
DL,377,EWR,12,116
DL,382,LGA,12,0
DL,409,JFK,12,14
DL,419,JFK,12,3
DL,420,JFK,12,-6
DL,420,JFK,12,-1
DL,434,JFK,12,-2
DL,435,JFK,12,20
DL,436,JFK,12,-3
DL,436,JFK,12,7
DL,439,JFK,12,-3
DL,472,JFK,12,-2
DL,472,JFK,12,8
DL,499,JFK,12,-4
DL,651,EWR,12,1
DL,726,EWR,12,-3
DL,831,LGA,12,15
DL,857,JFK,12,-1
DL,970,LGA,12,-4
DL,1174,LGA,12,22
DL,1231,LGA,12,39
DL,1321,EWR,12,-2
DL,1585,LGA,12,-2
DL,1685,LGA,12,5
DL,1747,LGA,12,-2
DL,1747,LGA,12,-3
DL,1785,LGA,12,-7
DL,1847,LGA,12,23
DL,1919,LGA,12,-1
DL,1947,LGA,12,-2
DL,2003,LGA,12,-8
DL,2019,LGA,12,-6
DL,2047,LGA,12,-5
DL,2087,JFK,12,0
DL,2131,LGA,12,98
DL,2190,JFK,12,-8
DL,2219,LGA,12,-3
DL,2247,LGA,12,-7
DL,2312,LGA,12,-8
DL,2337,JFK,12,-1
DL,2370,LGA,12,-2
DL,2389,JFK,12,-4
EV,3806,EWR,12,123
EV,3806,EWR,12,-8
EV,3811,EWR,12,17
EV,3817,EWR,12,
EV,3825,EWR,12,19
EV,4088,LGA,12,56
EV,4088,LGA,12,74
EV,4091,EWR,12,11
EV,4100,EWR,12,-7
EV,4111,EWR,12,12
EV,4112,EWR,12,0
EV,4113,EWR,12,99
EV,4121,LGA,12,-3
EV,4131,EWR,12,
EV,4133,EWR,12,-1
EV,4144,EWR,12,-2
EV,4144,EWR,12,25
EV,4152,EWR,12,30
EV,4175,EWR,12,-2
EV,4181,EWR,12,10
EV,4181,EWR,12,46
EV,4191,EWR,12,127
EV,4191,EWR,12,153
EV,4255,EWR,12,-6
EV,4255,EWR,12,-5
EV,4294,EWR,12,161
EV,4294,EWR,12,
EV,4333,EWR,12,16
EV,4361,EWR,12,-2
EV,4364,EWR,12,-10
EV,4377,EWR,12,19
EV,4388,EWR,12,-5
EV,4388,EWR,12,21
EV,4393,EWR,12,-1
EV,4393,EWR,12,-5
EV,4393,EWR,12,-3
EV,4407,EWR,12,-5
EV,4411,EWR,12,-3
EV,4502,EWR,12,142
EV,4511,EWR,12,82
EV,4512,EWR,12,-5
EV,4552,EWR,12,36
EV,4580,EWR,12,10
EV,4580,EWR,12,-2
EV,4594,EWR,12,0
EV,4596,EWR,12,-1
EV,4625,EWR,12,-9
EV,4667,EWR,12,-1
EV,4700,EWR,12,17
EV,4705,EWR,12,11
EV,5078,EWR,12,33
EV,5079,LGA,12,-2
EV,5193,LGA,12,-5
EV,5207,LGA,12,-10
EV,5287,LGA,12,169
EV,5298,LGA,12,-1
EV,5349,LGA,12,39
EV,5373,LGA,12,
EV,5383,LGA,12,-7
EV,5431,LGA,12,64
EV,5463,LGA,12,-5
EV,5567,LGA,12,-6
EV,5716,JFK,12,
EV,5904,EWR,12,-6
EV,6181,EWR,12,0
F9,507,LGA,12,3
FL,160,LGA,12,6
FL,400,LGA,12,13
FL,1693,LGA,12,-1
MQ,2793,JFK,12,7
MQ,2793,JFK,12,
MQ,3216,JFK,12,25
MQ,3216,JFK,12,48
MQ,3230,JFK,12,-3
MQ,3340,LGA,12,-10
MQ,3359,JFK,12,3
MQ,3363,JFK,12,74
MQ,3363,JFK,12,12
MQ,3374,JFK,12,-1
MQ,3384,LGA,12,-8
MQ,3384,LGA,12,79
MQ,3388,LGA,12,-7
MQ,3388,LGA,12,
MQ,3391,LGA,12,-11
MQ,3461,LGA,12,-9
MQ,3466,LGA,12,-7
MQ,3486,LGA,12,127
MQ,3531,LGA,12,5
MQ,3573,LGA,12,
MQ,3599,LGA,12,-1
MQ,3604,EWR,12,-4
MQ,3611,EWR,12,4
MQ,3611,EWR,12,12
MQ,3669,LGA,12,-4
MQ,3670,LGA,12,22
MQ,3674,LGA,12,16
MQ,3675,LGA,12,40
MQ,3734,LGA,12,
MQ,3748,EWR,12,58
UA,237,EWR,12,-6
UA,249,EWR,12,24
UA,249,EWR,12,61
UA,303,JFK,12,0
UA,303,JFK,12,24
UA,308,EWR,12,11
UA,308,EWR,12,0
UA,308,EWR,12,11
UA,327,EWR,12,29
UA,338,EWR,12,4
UA,339,EWR,12,15
UA,343,LGA,12,4
UA,360,EWR,12,39
UA,390,EWR,12,52
UA,394,EWR,12,7
UA,398,JFK,12,-7
UA,401,EWR,12,-3
UA,418,EWR,12,38
UA,418,EWR,12,0
UA,421,EWR,12,60
UA,429,LGA,12,56
UA,447,EWR,12,15
UA,478,EWR,12,-3
UA,485,EWR,12,35
UA,524,EWR,12,16
UA,578,EWR,12,10
UA,594,EWR,12,22
UA,642,JFK,12,-4
UA,642,JFK,12,-8
UA,654,EWR,12,18
UA,673,LGA,12,-3
UA,676,EWR,12,-2
UA,691,LGA,12,-4
UA,703,JFK,12,-3
UA,708,EWR,12,102
UA,745,LGA,12,20
UA,761,EWR,12,8
UA,821,EWR,12,-3
UA,841,JFK,12,7
UA,866,EWR,12,
UA,998,EWR,12,-4
UA,1030,EWR,12,17
UA,1038,EWR,12,10
UA,1059,EWR,12,16
UA,1066,EWR,12,-3
UA,1120,EWR,12,2
UA,1124,EWR,12,0
UA,1127,EWR,12,56
UA,1143,EWR,12,3
UA,1178,EWR,12,1
UA,1179,EWR,12,2
UA,1200,EWR,12,-2
UA,1212,EWR,12,3
UA,1242,EWR,12,10
UA,1248,EWR,12,-3
UA,1268,LGA,12,1
UA,1269,EWR,12,7
UA,1270,EWR,12,1
UA,1270,EWR,12,21
UA,1280,LGA,12,-4
UA,1299,EWR,12,-5
UA,1401,EWR,12,6
UA,1452,EWR,12,4
UA,1496,EWR,12,21
UA,1572,EWR,12,-2
UA,1589,EWR,12,19
UA,1593,EWR,12,27
UA,1605,EWR,12,29
UA,1611,EWR,12,2
UA,1626,EWR,12,15
UA,1638,EWR,12,2
UA,1663,EWR,12,3
UA,1668,EWR,12,8
UA,1695,EWR,12,43
UA,1701,EWR,12,9
UA,1703,EWR,12,58
UA,1721,EWR,12,6
UA,1723,EWR,12,158
UA,1729,EWR,12,18
US,425,JFK,12,2
US,456,JFK,12,4
US,604,EWR,12,-5
US,629,JFK,12,4
US,687,EWR,12,16
US,1767,LGA,12,-8
US,1817,JFK,12,-1
US,1817,JFK,12,9
US,1837,EWR,12,2
US,1843,LGA,12,-2
US,1843,LGA,12,-6
US,1873,EWR,12,-10
US,1895,EWR,12,-3
US,1899,JFK,12,-3
US,1963,EWR,12,-9
US,1995,LGA,12,-5
US,2039,LGA,12,12
US,2056,LGA,12,62
US,2071,LGA,12,-7
US,2085,LGA,12,0
US,2085,LGA,12,-7
US,2090,JFK,12,-8
US,2134,LGA,12,-7
US,2134,LGA,12,-7
US,2162,LGA,12,-7
US,2167,LGA,12,-7
US,2177,LGA,12,0
US,2189,LGA,12,30
US,2195,LGA,12,4
US,2197,LGA,12,8
VX,23,JFK,12,12
VX,27,JFK,12,26
VX,187,EWR,12,-1
VX,251,JFK,12,-3
VX,413,JFK,12,8
WN,20,LGA,12,0
WN,172,LGA,12,29
WN,172,LGA,12,87
WN,172,LGA,12,284
WN,195,LGA,12,18
WN,332,EWR,12,42
WN,332,EWR,12,9
WN,421,EWR,12,24
WN,549,EWR,12,44
WN,1104,LGA,12,12
WN,1289,EWR,12,19
WN,3069,EWR,12,2
WN,3494,EWR,12,6
WN,3566,LGA,12,4
WN,4418,EWR,12,14
YV,2885,LGA,12,-9
YV,2885,LGA,12,-7
